103021294	FC_ExN_3
20	FC_ExN_3
21	FC_ExN_3
10347	FC_ExN_3
4363	FC_ExN_3
89845	FC_ExN_3
85320	FC_ExN_3
368	FC_ExN_3
57406	FC_ExN_3
58527	FC_ExN_3
32	FC_ExN_3
116983	FC_ExN_3
65057	FC_ExN_3
130013	FC_ExN_3
11332	FC_ExN_3
84519	FC_ExN_3
142827	FC_ExN_3
51412	FC_ExN_3
11093	FC_ExN_3
11173	FC_ExN_3
11095	FC_ExN_3
107	FC_ExN_3
55811	FC_ExN_3
109	FC_ExN_3
117	FC_ExN_3
119	FC_ExN_3
10149	FC_ExN_3
23284	FC_ExN_3
646023	FC_ExN_3
113622	FC_ExN_3
146	FC_ExN_3
150	FC_ExN_3
60312	FC_ExN_3
84740	FC_ExN_3
2334	FC_ExN_3
3899	FC_ExN_3
116988	FC_ExN_3
79841	FC_ExN_3
27245	FC_ExN_3
113146	FC_ExN_3
10000	FC_ExN_3
219	FC_ExN_3
7915	FC_ExN_3
285016	FC_ExN_3
259	FC_ExN_3
139285	FC_ExN_3
268	FC_ExN_3
57463	FC_ExN_3
81693	FC_ExN_3
154796	FC_ExN_3
280	FC_ExN_3
253935	FC_ExN_3
286	FC_ExN_3
287	FC_ExN_3
348094	FC_ExN_3
63926	FC_ExN_3
56172	FC_ExN_3
124930	FC_ExN_3
284615	FC_ExN_3
375248	FC_ExN_3
400986	FC_ExN_3
56899	FC_ExN_3
55129	FC_ExN_3
57719	FC_ExN_3
314	FC_ExN_3
55435	FC_ExN_3
130340	FC_ExN_3
8120	FC_ExN_3
1176	FC_ExN_3
100287722	FC_ExN_3
10307	FC_ExN_3
10297	FC_ExN_3
164284	FC_ExN_3
149773	FC_ExN_3
333	FC_ExN_3
403314	FC_ExN_3
351	FC_ExN_3
57221	FC_ExN_3
57584	FC_ExN_3
115703	FC_ExN_3
9639	FC_ExN_3
50650	FC_ExN_3
200894	FC_ExN_3
100996709	FC_ExN_3
100506084	FC_ExN_3
51326	FC_ExN_3
101928646	FC_ExN_3
10777	FC_ExN_3
407	FC_ExN_3
408	FC_ExN_3
416	FC_ExN_3
9048	FC_ExN_3
8853	FC_ExN_3
140459	FC_ExN_3
434	FC_ExN_3
440	FC_ExN_3
80816	FC_ExN_3
83858	FC_ExN_3
100874205	FC_ExN_3
286410	FC_ExN_3
57130	FC_ExN_3
23400	FC_ExN_3
344905	FC_ExN_3
480	FC_ExN_3
23545	FC_ExN_3
100130705	FC_ExN_3
540	FC_ExN_3
222255	FC_ExN_3
56970	FC_ExN_3
26053	FC_ExN_3
8708	FC_ExN_3
2583	FC_ExN_3
338707	FC_ExN_3
9334	FC_ExN_3
100379661	FC_ExN_3
571	FC_ExN_3
60468	FC_ExN_3
440465	FC_ExN_3
80115	FC_ExN_3
578	FC_ExN_3
55024	FC_ExN_3
8314	FC_ExN_3
10409	FC_ExN_3
55973	FC_ExN_3
53335	FC_ExN_3
596	FC_ExN_3
10018	FC_ExN_3
440603	FC_ExN_3
605	FC_ExN_3
63035	FC_ExN_3
613	FC_ExN_3
57596	FC_ExN_3
80823	FC_ExN_3
27319	FC_ExN_3
92558	FC_ExN_3
414899	FC_ExN_3
388552	FC_ExN_3
644	FC_ExN_3
9024	FC_ExN_3
26580	FC_ExN_3
8927	FC_ExN_3
84280	FC_ExN_3
284697	FC_ExN_3
28969	FC_ExN_3
79703	FC_ExN_3
84419	FC_ExN_3
146378	FC_ExN_3
342918	FC_ExN_3
200159	FC_ExN_3
79762	FC_ExN_3
81563	FC_ExN_3
400793	FC_ExN_3
284739	FC_ExN_3
84645	FC_ExN_3
100130301	FC_ExN_3
774	FC_ExN_3
100652846	FC_ExN_3
777	FC_ExN_3
8912	FC_ExN_3
781	FC_ExN_3
785	FC_ExN_3
816	FC_ExN_3
814	FC_ExN_3
79012	FC_ExN_3
57662	FC_ExN_3
10486	FC_ExN_3
440854	FC_ExN_3
59082	FC_ExN_3
146206	FC_ExN_3
90668	FC_ExN_3
101929110	FC_ExN_3
57513	FC_ExN_3
9139	FC_ExN_3
868	FC_ExN_3
100506428	FC_ExN_3
875	FC_ExN_3
256309	FC_ExN_3
645811	FC_ExN_3
56936	FC_ExN_3
728586	FC_ExN_3
120935	FC_ExN_3
64925	FC_ExN_3
168455	FC_ExN_3
60494	FC_ExN_3
440193	FC_ExN_3
55297	FC_ExN_3
10850	FC_ExN_3
151195	FC_ExN_3
401145	FC_ExN_3
9398	FC_ExN_3
101927682	FC_ExN_3
1009	FC_ExN_3
1010	FC_ExN_3
1002	FC_ExN_3
222256	FC_ExN_3
65061	FC_ExN_3
8851	FC_ExN_3
6792	FC_ExN_3
91368	FC_ExN_3
1038	FC_ExN_3
284040	FC_ExN_3
10659	FC_ExN_3
414196	FC_ExN_3
11189	FC_ExN_3
60680	FC_ExN_3
1952	FC_ExN_3
1951	FC_ExN_3
51286	FC_ExN_3
387103	FC_ExN_3
57562	FC_ExN_3
645455	FC_ExN_3
9859	FC_ExN_3
283638	FC_ExN_3
79959	FC_ExN_3
387119	FC_ExN_3
204219	FC_ExN_3
286207	FC_ExN_3
161502	FC_ExN_3
54927	FC_ExN_3
84303	FC_ExN_3
1107	FC_ExN_3
10752	FC_ExN_3
101927193	FC_ExN_3
1124	FC_ExN_3
8646	FC_ExN_3
1140	FC_ExN_3
1141	FC_ExN_3
9486	FC_ExN_3
1147	FC_ExN_3
23152	FC_ExN_3
8483	FC_ExN_3
4435	FC_ExN_3
1181	FC_ExN_3
9071	FC_ExN_3
497190	FC_ExN_3
79827	FC_ExN_3
2055	FC_ExN_3
10978	FC_ExN_3
27098	FC_ExN_3
157807	FC_ExN_3
22866	FC_ExN_3
9337	FC_ExN_3
1268	FC_ExN_3
6900	FC_ExN_3
100873976	FC_ExN_3
10466	FC_ExN_3
7373	FC_ExN_3
1298	FC_ExN_3
1299	FC_ExN_3
8292	FC_ExN_3
7464	FC_ExN_3
10391	FC_ExN_3
1363	FC_ExN_3
283692	FC_ExN_3
10815	FC_ExN_3
1375	FC_ExN_3
80772	FC_ExN_3
104909134	FC_ExN_3
1394	FC_ExN_3
401262	FC_ExN_3
1400	FC_ExN_3
1427	FC_ExN_3
80169	FC_ExN_3
9150	FC_ExN_3
10217	FC_ExN_3
9811	FC_ExN_3
1496	FC_ExN_3
1506	FC_ExN_3
83992	FC_ExN_3
55917	FC_ExN_3
348180	FC_ExN_3
23316	FC_ExN_3
50624	FC_ExN_3
1525	FC_ExN_3
10563	FC_ExN_3
51700	FC_ExN_3
107987479	FC_ExN_3
107987478	FC_ExN_3
1565	FC_ExN_3
613126	FC_ExN_3
1600	FC_ExN_3
101926890	FC_ExN_3
51339	FC_ExN_3
747	FC_ExN_3
1627	FC_ExN_3
79007	FC_ExN_3
1630	FC_ExN_3
8642	FC_ExN_3
85443	FC_ExN_3
64858	FC_ExN_3
84649	FC_ExN_3
347516	FC_ExN_3
8214	FC_ExN_3
8526	FC_ExN_3
1609	FC_ExN_3
1718	FC_ExN_3
1717	FC_ExN_3
57647	FC_ExN_3
22982	FC_ExN_3
148252	FC_ExN_3
85455	FC_ExN_3
57540	FC_ExN_3
1740	FC_ExN_3
9228	FC_ExN_3
100507435	FC_ExN_3
65989	FC_ExN_3
196385	FC_ExN_3
8632	FC_ExN_3
25822	FC_ExN_3
85406	FC_ExN_3
10126	FC_ExN_3
1775	FC_ExN_3
92737	FC_ExN_3
55816	FC_ExN_3
22845	FC_ExN_3
9980	FC_ExN_3
1805	FC_ExN_3
23333	FC_ExN_3
1806	FC_ExN_3
100873932	FC_ExN_3
1808	FC_ExN_3
56896	FC_ExN_3
374946	FC_ExN_3
51233	FC_ExN_3
1826	FC_ExN_3
100874326	FC_ExN_3
1837	FC_ExN_3
1838	FC_ExN_3
1840	FC_ExN_3
56940	FC_ExN_3
1780	FC_ExN_3
1781	FC_ExN_3
10682	FC_ExN_3
1896	FC_ExN_3
10085	FC_ExN_3
1917	FC_ExN_3
110599564	FC_ExN_3
100130771	FC_ExN_3
22979	FC_ExN_3
8637	FC_ExN_3
55520	FC_ExN_3
22936	FC_ExN_3
79071	FC_ExN_3
2009	FC_ExN_3
2016	FC_ExN_3
387712	FC_ExN_3
55068	FC_ExN_3
2036	FC_ExN_3
23136	FC_ExN_3
2042	FC_ExN_3
2044	FC_ExN_3
285220	FC_ExN_3
2045	FC_ExN_3
2047	FC_ExN_3
2059	FC_ExN_3
64787	FC_ExN_3
23085	FC_ExN_3
26059	FC_ExN_3
711	FC_ExN_3
390937	FC_ExN_3
157697	FC_ExN_3
90625	FC_ExN_3
100288413	FC_ExN_3
83715	FC_ExN_3
2101	FC_ExN_3
57488	FC_ExN_3
254013	FC_ExN_3
55770	FC_ExN_3
60412	FC_ExN_3
2166	FC_ExN_3
91442	FC_ExN_3
8772	FC_ExN_3
83641	FC_ExN_3
90362	FC_ExN_3
150864	FC_ExN_3
220108	FC_ExN_3
84668	FC_ExN_3
9715	FC_ExN_3
10144	FC_ExN_3
285512	FC_ExN_3
56975	FC_ExN_3
152877	FC_ExN_3
196472	FC_ExN_3
161142	FC_ExN_3
23625	FC_ExN_3
2194	FC_ExN_3
79072	FC_ExN_3
2196	FC_ExN_3
120114	FC_ExN_3
79633	FC_ExN_3
84467	FC_ExN_3
144699	FC_ExN_3
146330	FC_ExN_3
54620	FC_ExN_3
25827	FC_ExN_3
130888	FC_ExN_3
93611	FC_ExN_3
2222	FC_ExN_3
121512	FC_ExN_3
2257	FC_ExN_3
2258	FC_ExN_3
27006	FC_ExN_3
2254	FC_ExN_3
85462	FC_ExN_3
2273	FC_ExN_3
23768	FC_ExN_3
114793	FC_ExN_3
54874	FC_ExN_3
2290	FC_ExN_3
100132074	FC_ExN_3
257019	FC_ExN_3
55691	FC_ExN_3
23150	FC_ExN_3
145438	FC_ExN_3
79187	FC_ExN_3
83856	FC_ExN_3
10841	FC_ExN_3
348751	FC_ExN_3
2528	FC_ExN_3
2530	FC_ExN_3
9513	FC_ExN_3
100506368	FC_ExN_3
9846	FC_ExN_3
2559	FC_ExN_3
2570	FC_ExN_3
100287082	FC_ExN_3
55568	FC_ExN_3
63917	FC_ExN_3
64762	FC_ExN_3
10634	FC_ExN_3
9247	FC_ExN_3
2650	FC_ExN_3
2661	FC_ExN_3
79153	FC_ExN_3
50628	FC_ExN_3
54438	FC_ExN_3
2675	FC_ExN_3
100507003	FC_ExN_3
51738	FC_ExN_3
100126793	FC_ExN_3
57165	FC_ExN_3
2742	FC_ExN_3
132158	FC_ExN_3
2762	FC_ExN_3
2767	FC_ExN_3
2770	FC_ExN_3
2796	FC_ExN_3
2798	FC_ExN_3
440295	FC_ExN_3
401647	FC_ExN_3
51206	FC_ExN_3
57678	FC_ExN_3
221914	FC_ExN_3
10243	FC_ExN_3
2823	FC_ExN_3
2835	FC_ExN_3
387509	FC_ExN_3
57512	FC_ExN_3
54329	FC_ExN_3
55890	FC_ExN_3
114787	FC_ExN_3
2877	FC_ExN_3
64388	FC_ExN_3
79977	FC_ExN_3
2894	FC_ExN_3
100507470	FC_ExN_3
2897	FC_ExN_3
2901	FC_ExN_3
116444	FC_ExN_3
1687	FC_ExN_3
23199	FC_ExN_3
79712	FC_ExN_3
2979	FC_ExN_3
2977	FC_ExN_3
2998	FC_ExN_3
404037	FC_ExN_3
283254	FC_ExN_3
610	FC_ExN_3
57657	FC_ExN_3
10021	FC_ExN_3
399671	FC_ExN_3
23593	FC_ExN_3
79654	FC_ExN_3
283450	FC_ExN_3
100127950	FC_ExN_3
92797	FC_ExN_3
85441	FC_ExN_3
8925	FC_ExN_3
8916	FC_ExN_3
84667	FC_ExN_3
3083	FC_ExN_3
283987	FC_ExN_3
147746	FC_ExN_3
3097	FC_ExN_3
59269	FC_ExN_3
3101	FC_ExN_3
3156	FC_ExN_3
3157	FC_ExN_3
144983	FC_ExN_3
51361	FC_ExN_3
101929664	FC_ExN_3
9957	FC_ExN_3
9394	FC_ExN_3
266722	FC_ExN_3
345275	FC_ExN_3
124535	FC_ExN_3
285242	FC_ExN_3
3373	FC_ExN_3
8372	FC_ExN_3
123688	FC_ExN_3
130026	FC_ExN_3
9543	FC_ExN_3
10644	FC_ExN_3
646600	FC_ExN_3
347252	FC_ExN_3
402665	FC_ExN_3
283284	FC_ExN_3
3321	FC_ExN_3
8517	FC_ExN_3
3624	FC_ExN_3
56623	FC_ExN_3
22876	FC_ExN_3
27124	FC_ExN_3
54973	FC_ExN_3
79711	FC_ExN_3
100873949	FC_ExN_3
23288	FC_ExN_3
80726	FC_ExN_3
3665	FC_ExN_3
3667	FC_ExN_3
57611	FC_ExN_3
100996539	FC_ExN_3
223075	FC_ExN_3
150771	FC_ExN_3
9767	FC_ExN_3
152789	FC_ExN_3
221037	FC_ExN_3
56704	FC_ExN_3
84502	FC_ExN_3
3728	FC_ExN_3
9920	FC_ExN_3
104266957	FC_ExN_3
3746	FC_ExN_3
9992	FC_ExN_3
3757	FC_ExN_3
3767	FC_ExN_3
56660	FC_ExN_3
3776	FC_ExN_3
3785	FC_ExN_3
169522	FC_ExN_3
65987	FC_ExN_3
283219	FC_ExN_3
23030	FC_ExN_3
23135	FC_ExN_3
3792	FC_ExN_3
202559	FC_ExN_3
3795	FC_ExN_3
9856	FC_ExN_3
9729	FC_ExN_3
9764	FC_ExN_3
57648	FC_ExN_3
57670	FC_ExN_3
25758	FC_ExN_3
57498	FC_ExN_3
55614	FC_ExN_3
26153	FC_ExN_3
55083	FC_ExN_3
111216275	FC_ExN_3
84063	FC_ExN_3
100874251	FC_ExN_3
64837	FC_ExN_3
7071	FC_ExN_3
8462	FC_ExN_3
11279	FC_ExN_3
80311	FC_ExN_3
339451	FC_ExN_3
11275	FC_ExN_3
64410	FC_ExN_3
114818	FC_ExN_3
114792	FC_ExN_3
257240	FC_ExN_3
283212	FC_ExN_3
57563	FC_ExN_3
5655	FC_ExN_3
3818	FC_ExN_3
83999	FC_ExN_3
338651	FC_ExN_3
200634	FC_ExN_3
3912	FC_ExN_3
55323	FC_ExN_3
9836	FC_ExN_3
197021	FC_ExN_3
753	FC_ExN_3
116842	FC_ExN_3
93273	FC_ExN_3
29094	FC_ExN_3
10186	FC_ExN_3
22998	FC_ExN_3
54923	FC_ExN_3
8825	FC_ExN_3
619434	FC_ExN_3
387111	FC_ExN_3
100499171	FC_ExN_3
114036	FC_ExN_3
144776	FC_ExN_3
100820709	FC_ExN_3
100505566	FC_ExN_3
283624	FC_ExN_3
100507629	FC_ExN_3
100507058	FC_ExN_3
643529	FC_ExN_3
100507632	FC_ExN_3
101927360	FC_ExN_3
284998	FC_ExN_3
643837	FC_ExN_3
101927590	FC_ExN_3
440900	FC_ExN_3
647107	FC_ExN_3
103724390	FC_ExN_3
100128946	FC_ExN_3
102723775	FC_ExN_3
254099	FC_ExN_3
100131138	FC_ExN_3
105373144	FC_ExN_3
100506119	FC_ExN_3
100996590	FC_ExN_3
100996665	FC_ExN_3
387978	FC_ExN_3
100505477	FC_ExN_3
101927487	FC_ExN_3
101927285	FC_ExN_3
101927438	FC_ExN_3
101928765	FC_ExN_3
101928167	FC_ExN_3
105373984	FC_ExN_3
284294	FC_ExN_3
401172	FC_ExN_3
101927009	FC_ExN_3
101929544	FC_ExN_3
109729131	FC_ExN_3
101927286	FC_ExN_3
105370425	FC_ExN_3
111082994	FC_ExN_3
101927087	FC_ExN_3
102724368	FC_ExN_3
101929596	FC_ExN_3
105378385	FC_ExN_3
102724834	FC_ExN_3
84894	FC_ExN_3
253044	FC_ExN_3
101929478	FC_ExN_3
101927155	FC_ExN_3
114783	FC_ExN_3
164832	FC_ExN_3
4017	FC_ExN_3
9926	FC_ExN_3
23143	FC_ExN_3
57622	FC_ExN_3
78999	FC_ExN_3
136332	FC_ExN_3
81543	FC_ExN_3
201255	FC_ExN_3
57554	FC_ExN_3
100506049	FC_ExN_3
401387	FC_ExN_3
10446	FC_ExN_3
80059	FC_ExN_3
654429	FC_ExN_3
222229	FC_ExN_3
101234261	FC_ExN_3
4047	FC_ExN_3
4053	FC_ExN_3
206338	FC_ExN_3
145748	FC_ExN_3
100874051	FC_ExN_3
55219	FC_ExN_3
104326051	FC_ExN_3
139081	FC_ExN_3
57134	FC_ExN_3
149175	FC_ExN_3
4293	FC_ExN_3
5600	FC_ExN_3
5603	FC_ExN_3
5599	FC_ExN_3
23542	FC_ExN_3
4137	FC_ExN_3
100130148	FC_ExN_3
4139	FC_ExN_3
4142	FC_ExN_3
5648	FC_ExN_3
22983	FC_ExN_3
151963	FC_ExN_3
129642	FC_ExN_3
4157	FC_ExN_3
4168	FC_ExN_3
79772	FC_ExN_3
63933	FC_ExN_3
23389	FC_ExN_3
100873965	FC_ExN_3
4208	FC_ExN_3
109729137	FC_ExN_3
1953	FC_ExN_3
4225	FC_ExN_3
51320	FC_ExN_3
9258	FC_ExN_3
113655	FC_ExN_3
54842	FC_ExN_3
4248	FC_ExN_3
64780	FC_ExN_3
57553	FC_ExN_3
4281	FC_ExN_3
399959	FC_ExN_3
101928989	FC_ExN_3
284801	FC_ExN_3
4300	FC_ExN_3
166785	FC_ExN_3
79258	FC_ExN_3
4320	FC_ExN_3
4326	FC_ExN_3
10893	FC_ExN_3
4330	FC_ExN_3
27304	FC_ExN_3
758	FC_ExN_3
55257	FC_ExN_3
727957	FC_ExN_3
642475	FC_ExN_3
6183	FC_ExN_3
51116	FC_ExN_3
101927257	FC_ExN_3
503497	FC_ExN_3
6307	FC_ExN_3
4482	FC_ExN_3
51734	FC_ExN_3
4486	FC_ExN_3
23255	FC_ExN_3
55613	FC_ExN_3
100873935	FC_ExN_3
100463488	FC_ExN_3
4588	FC_ExN_3
4597	FC_ExN_3
10514	FC_ExN_3
4610	FC_ExN_3
4613	FC_ExN_3
57644	FC_ExN_3
84700	FC_ExN_3
4642	FC_ExN_3
283446	FC_ExN_3
4645	FC_ExN_3
25924	FC_ExN_3
23040	FC_ExN_3
730811	FC_ExN_3
79035	FC_ExN_3
100996569	FC_ExN_3
4675	FC_ExN_3
339983	FC_ExN_3
89796	FC_ExN_3
83988	FC_ExN_3
4684	FC_ExN_3
8648	FC_ExN_3
81565	FC_ExN_3
10397	FC_ExN_3
9348	FC_ExN_3
91942	FC_ExN_3
4741	FC_ExN_3
4753	FC_ExN_3
4756	FC_ExN_3
84461	FC_ExN_3
4761	FC_ExN_3
63974	FC_ExN_3
23114	FC_ExN_3
4781	FC_ExN_3
4784	FC_ExN_3
57224	FC_ExN_3
84276	FC_ExN_3
79570	FC_ExN_3
154215	FC_ExN_3
57486	FC_ExN_3
91662	FC_ExN_3
55655	FC_ExN_3
25819	FC_ExN_3
8996	FC_ExN_3
8715	FC_ExN_3
65083	FC_ExN_3
4839	FC_ExN_3
8620	FC_ExN_3
642799	FC_ExN_3
642778	FC_ExN_3
100288332	FC_ExN_3
101059953	FC_ExN_3
10360	FC_ExN_3
4878	FC_ExN_3
4882	FC_ExN_3
404744	FC_ExN_3
100856811	FC_ExN_3
100874286	FC_ExN_3
8829	FC_ExN_3
50814	FC_ExN_3
27065	FC_ExN_3
26012	FC_ExN_3
4916	FC_ExN_3
283738	FC_ExN_3
4923	FC_ExN_3
131870	FC_ExN_3
84033	FC_ExN_3
55753	FC_ExN_3
170392	FC_ExN_3
283298	FC_ExN_3
390439	FC_ExN_3
114879	FC_ExN_3
341350	FC_ExN_3
5021	FC_ExN_3
8974	FC_ExN_3
55248	FC_ExN_3
57144	FC_ExN_3
79646	FC_ExN_3
100506421	FC_ExN_3
89932	FC_ExN_3
10207	FC_ExN_3
27328	FC_ExN_3
56147	FC_ExN_3
56137	FC_ExN_3
56136	FC_ExN_3
56144	FC_ExN_3
56142	FC_ExN_3
56141	FC_ExN_3
9752	FC_ExN_3
56135	FC_ExN_3
56126	FC_ExN_3
56125	FC_ExN_3
56124	FC_ExN_3
56122	FC_ExN_3
56132	FC_ExN_3
56131	FC_ExN_3
56130	FC_ExN_3
56129	FC_ExN_3
56100	FC_ExN_3
84759	FC_ExN_3
27445	FC_ExN_3
399909	FC_ExN_3
654790	FC_ExN_3
255738	FC_ExN_3
5132	FC_ExN_3
90632	FC_ExN_3
10846	FC_ExN_3
5144	FC_ExN_3
5150	FC_ExN_3
8050	FC_ExN_3
79955	FC_ExN_3
246330	FC_ExN_3
5830	FC_ExN_3
5207	FC_ExN_3
79605	FC_ExN_3
221692	FC_ExN_3
116154	FC_ExN_3
79142	FC_ExN_3
5256	FC_ExN_3
9796	FC_ExN_3
5297	FC_ExN_3
9463	FC_ExN_3
55022	FC_ExN_3
284098	FC_ExN_3
8503	FC_ExN_3
138429	FC_ExN_3
51268	FC_ExN_3
57605	FC_ExN_3
143689	FC_ExN_3
5569	FC_ExN_3
5313	FC_ExN_3
100137049	FC_ExN_3
57110	FC_ExN_3
153770	FC_ExN_3
9651	FC_ExN_3
5334	FC_ExN_3
25894	FC_ExN_3
153478	FC_ExN_3
5350	FC_ExN_3
79948	FC_ExN_3
9890	FC_ExN_3
163404	FC_ExN_3
5362	FC_ExN_3
55558	FC_ExN_3
91584	FC_ExN_3
148811	FC_ExN_3
29944	FC_ExN_3
80339	FC_ExN_3
8228	FC_ExN_3
55163	FC_ExN_3
5431	FC_ExN_3
55718	FC_ExN_3
64840	FC_ExN_3
5453	FC_ExN_3
5454	FC_ExN_3
5455	FC_ExN_3
5463	FC_ExN_3
8499	FC_ExN_3
102724663	FC_ExN_3
8541	FC_ExN_3
8495	FC_ExN_3
147699	FC_ExN_3
9858	FC_ExN_3
100506599	FC_ExN_3
5523	FC_ExN_3
5529	FC_ExN_3
56978	FC_ExN_3
10650	FC_ExN_3
57580	FC_ExN_3
5590	FC_ExN_3
5593	FC_ExN_3
5613	FC_ExN_3
100873944	FC_ExN_3
10887	FC_ExN_3
80164	FC_ExN_3
8492	FC_ExN_3
339105	FC_ExN_3
203074	FC_ExN_3
56984	FC_ExN_3
389362	FC_ExN_3
8643	FC_ExN_3
101928337	FC_ExN_3
9536	FC_ExN_3
5740	FC_ExN_3
5771	FC_ExN_3
5775	FC_ExN_3
84867	FC_ExN_3
5789	FC_ExN_3
101929407	FC_ExN_3
101929428	FC_ExN_3
5791	FC_ExN_3
5799	FC_ExN_3
5800	FC_ExN_3
5802	FC_ExN_3
5803	FC_ExN_3
5806	FC_ExN_3
54517	FC_ExN_3
139221	FC_ExN_3
5768	FC_ExN_3
169714	FC_ExN_3
201475	FC_ExN_3
57111	FC_ExN_3
5875	FC_ExN_3
26064	FC_ExN_3
10742	FC_ExN_3
57186	FC_ExN_3
5900	FC_ExN_3
9649	FC_ExN_3
10048	FC_ExN_3
51655	FC_ExN_3
10633	FC_ExN_3
54715	FC_ExN_3
146713	FC_ExN_3
10137	FC_ExN_3
375316	FC_ExN_3
283248	FC_ExN_3
9985	FC_ExN_3
65055	FC_ExN_3
285613	FC_ExN_3
10739	FC_ExN_3
23179	FC_ExN_3
26575	FC_ExN_3
431704	FC_ExN_3
58480	FC_ExN_3
23504	FC_ExN_3
284716	FC_ExN_3
9783	FC_ExN_3
9610	FC_ExN_3
7844	FC_ExN_3
57484	FC_ExN_3
56163	FC_ExN_3
221687	FC_ExN_3
727800	FC_ExN_3
285498	FC_ExN_3
284023	FC_ExN_3
22838	FC_ExN_3
22934	FC_ExN_3
83694	FC_ExN_3
113000	FC_ExN_3
10692	FC_ExN_3
50484	FC_ExN_3
91543	FC_ExN_3
345895	FC_ExN_3
84870	FC_ExN_3
57529	FC_ExN_3
6253	FC_ExN_3
65078	FC_ExN_3
146760	FC_ExN_3
349667	FC_ExN_3
862	FC_ExN_3
23623	FC_ExN_3
386627	FC_ExN_3
9092	FC_ExN_3
23314	FC_ExN_3
150538	FC_ExN_3
6305	FC_ExN_3
388228	FC_ExN_3
157869	FC_ExN_3
6309	FC_ExN_3
6447	FC_ExN_3
6340	FC_ExN_3
9997	FC_ExN_3
100129858	FC_ExN_3
83482	FC_ExN_3
85508	FC_ExN_3
80274	FC_ExN_3
79048	FC_ExN_3
10371	FC_ExN_3
7869	FC_ExN_3
10512	FC_ExN_3
6405	FC_ExN_3
100129060	FC_ExN_3
10500	FC_ExN_3
80031	FC_ExN_3
22928	FC_ExN_3
1731	FC_ExN_3
8293	FC_ExN_3
26297	FC_ExN_3
347735	FC_ExN_3
5270	FC_ExN_3
647174	FC_ExN_3
27244	FC_ExN_3
83667	FC_ExN_3
79918	FC_ExN_3
207107	FC_ExN_3
9905	FC_ExN_3
387694	FC_ExN_3
646892	FC_ExN_3
83699	FC_ExN_3
100505696	FC_ExN_3
79729	FC_ExN_3
6457	FC_ExN_3
9644	FC_ExN_3
100505839	FC_ExN_3
50944	FC_ExN_3
22941	FC_ExN_3
100874198	FC_ExN_3
6461	FC_ExN_3
53358	FC_ExN_3
85352	FC_ExN_3
8036	FC_ExN_3
57698	FC_ExN_3
23408	FC_ExN_3
8631	FC_ExN_3
6503	FC_ExN_3
57606	FC_ExN_3
6563	FC_ExN_3
8170	FC_ExN_3
23539	FC_ExN_3
57030	FC_ExN_3
6506	FC_ExN_3
6580	FC_ExN_3
9389	FC_ExN_3
63027	FC_ExN_3
9187	FC_ExN_3
92014	FC_ExN_3
3177	FC_ExN_3
83650	FC_ExN_3
81539	FC_ExN_3
204962	FC_ExN_3
85414	FC_ExN_3
57210	FC_ExN_3
113235	FC_ExN_3
6508	FC_ExN_3
55065	FC_ExN_3
6538	FC_ExN_3
54716	FC_ExN_3
6533	FC_ExN_3
11136	FC_ExN_3
6546	FC_ExN_3
6543	FC_ExN_3
84679	FC_ExN_3
28232	FC_ExN_3
4087	FC_ExN_3
6597	FC_ExN_3
6604	FC_ExN_3
27127	FC_ExN_3
341346	FC_ExN_3
55512	FC_ExN_3
10924	FC_ExN_3
10322	FC_ExN_3
9892	FC_ExN_3
6622	FC_ExN_3
6620	FC_ExN_3
54221	FC_ExN_3
29934	FC_ExN_3
83891	FC_ExN_3
51375	FC_ExN_3
55084	FC_ExN_3
387104	FC_ExN_3
10580	FC_ExN_3
8470	FC_ExN_3
6653	FC_ExN_3
6664	FC_ExN_3
6666	FC_ExN_3
619455	FC_ExN_3
83890	FC_ExN_3
10290	FC_ExN_3
153218	FC_ExN_3
6692	FC_ExN_3
56907	FC_ExN_3
84926	FC_ExN_3
6709	FC_ExN_3
6712	FC_ExN_3
6713	FC_ExN_3
6714	FC_ExN_3
6721	FC_ExN_3
57522	FC_ExN_3
84530	FC_ExN_3
23648	FC_ExN_3
619518	FC_ExN_3
117178	FC_ExN_3
6482	FC_ExN_3
10402	FC_ExN_3
84620	FC_ExN_3
10610	FC_ExN_3
27090	FC_ExN_3
8128	FC_ExN_3
100128126	FC_ExN_3
375346	FC_ExN_3
83931	FC_ExN_3
169436	FC_ExN_3
81551	FC_ExN_3
9399	FC_ExN_3
55342	FC_ExN_3
6804	FC_ExN_3
2054	FC_ExN_3
6812	FC_ExN_3
134957	FC_ExN_3
6818	FC_ExN_3
25830	FC_ExN_3
387082	FC_ExN_3
25777	FC_ExN_3
6853	FC_ExN_3
6860	FC_ExN_3
255061	FC_ExN_3
10579	FC_ExN_3
407738	FC_ExN_3
25817	FC_ExN_3
83756	FC_ExN_3
259293	FC_ExN_3
30851	FC_ExN_3
83874	FC_ExN_3
353149	FC_ExN_3
23329	FC_ExN_3
57057	FC_ExN_3
285966	FC_ExN_3
158931	FC_ExN_3
6942	FC_ExN_3
6925	FC_ExN_3
202500	FC_ExN_3
163589	FC_ExN_3
23424	FC_ExN_3
109729141	FC_ExN_3
7006	FC_ExN_3
25851	FC_ExN_3
26011	FC_ExN_3
83741	FC_ExN_3
7038	FC_ExN_3
7046	FC_ExN_3
9392	FC_ExN_3
7051	FC_ExN_3
80764	FC_ExN_3
7057	FC_ExN_3
26230	FC_ExN_3
81789	FC_ExN_3
26519	FC_ExN_3
1678	FC_ExN_3
83723	FC_ExN_3
7090	FC_ExN_3
66000	FC_ExN_3
441151	FC_ExN_3
84187	FC_ExN_3
56900	FC_ExN_3
80775	FC_ExN_3
84548	FC_ExN_3
388564	FC_ExN_3
340393	FC_ExN_3
84866	FC_ExN_3
100129924	FC_ExN_3
283521	FC_ExN_3
55151	FC_ExN_3
55287	FC_ExN_3
220980	FC_ExN_3
388730	FC_ExN_3
255043	FC_ExN_3
7111	FC_ExN_3
339967	FC_ExN_3
9407	FC_ExN_3
344805	FC_ExN_3
83857	FC_ExN_3
56255	FC_ExN_3
23043	FC_ExN_3
8711	FC_ExN_3
85456	FC_ExN_3
3842	FC_ExN_3
116447	FC_ExN_3
112858	FC_ExN_3
27296	FC_ExN_3
7173	FC_ExN_3
284355	FC_ExN_3
84231	FC_ExN_3
401264	FC_ExN_3
7201	FC_ExN_3
28951	FC_ExN_3
23087	FC_ExN_3
80128	FC_ExN_3
55128	FC_ExN_3
11078	FC_ExN_3
286144	FC_ExN_3
57604	FC_ExN_3
7224	FC_ExN_3
100329135	FC_ExN_3
162514	FC_ExN_3
56302	FC_ExN_3
203062	FC_ExN_3
27075	FC_ExN_3
26262	FC_ExN_3
90139	FC_ExN_3
7263	FC_ExN_3
100131187	FC_ExN_3
158427	FC_ExN_3
79573	FC_ExN_3
23331	FC_ExN_3
125488	FC_ExN_3
23170	FC_ExN_3
79739	FC_ExN_3
113457	FC_ExN_3
10381	FC_ExN_3
56652	FC_ExN_3
7294	FC_ExN_3
199746	FC_ExN_3
55236	FC_ExN_3
8266	FC_ExN_3
7342	FC_ExN_3
51366	FC_ExN_3
7352	FC_ExN_3
55757	FC_ExN_3
8408	FC_ExN_3
10497	FC_ExN_3
90249	FC_ExN_3
137970	FC_ExN_3
51733	FC_ExN_3
7348	FC_ExN_3
57478	FC_ExN_3
57558	FC_ExN_3
84135	FC_ExN_3
84916	FC_ExN_3
79805	FC_ExN_3
7436	FC_ExN_3
401491	FC_ExN_3
57191	FC_ExN_3
55048	FC_ExN_3
100128881	FC_ExN_3
220001	FC_ExN_3
91833	FC_ExN_3
22911	FC_ExN_3
349136	FC_ExN_3
10406	FC_ExN_3
65268	FC_ExN_3
81029	FC_ExN_3
23286	FC_ExN_3
129446	FC_ExN_3
152002	FC_ExN_3
219539	FC_ExN_3
10472	FC_ExN_3
140685	FC_ExN_3
10773	FC_ExN_3
29801	FC_ExN_3
7544	FC_ExN_3
109504726	FC_ExN_3
51351	FC_ExN_3
7678	FC_ExN_3
7727	FC_ExN_3
7569	FC_ExN_3
7739	FC_ExN_3
7743	FC_ExN_3
7748	FC_ExN_3
7762	FC_ExN_3
7775	FC_ExN_3
57343	FC_ExN_3
414201	FC_ExN_3
388569	FC_ExN_3
84449	FC_ExN_3
7582	FC_ExN_3
101929746	FC_ExN_3
55663	FC_ExN_3
58499	FC_ExN_3
170958	FC_ExN_3
115196	FC_ExN_3
147660	FC_ExN_3
90850	FC_ExN_3
148103	FC_ExN_3
57507	FC_ExN_3
146542	FC_ExN_3
400720	FC_ExN_3
163115	FC_ExN_3
126375	FC_ExN_3
101927720	FC_ExN_3
729747	FC_ExN_3
148198	FC_ExN_3
741	FC_ExN_3
84937	FC_ExN_3
8882	FC_ExN_3
80345	FC_ExN_3
54993	FC_ExN_3
7579	FC_ExN_3
57688	FC_ExN_3
