132949	skene_MSN
5244	skene_MSN
22	skene_MSN
23457	skene_MSN
225	skene_MSN
9619	skene_MSN
100526760	skene_MSN
10006	skene_MSN
10152	skene_MSN
51225	skene_MSN
84448	skene_MSN
137735	skene_MSN
35	skene_MSN
23527	skene_MSN
79777	skene_MSN
1636	skene_MSN
49	skene_MSN
51412	skene_MSN
87	skene_MSN
88	skene_MSN
10097	skene_MSN
57180	skene_MSN
653857	skene_MSN
90	skene_MSN
130399	skene_MSN
94	skene_MSN
95	skene_MSN
53616	skene_MSN
8745	skene_MSN
9508	skene_MSN
339366	skene_MSN
109	skene_MSN
111	skene_MSN
115	skene_MSN
119	skene_MSN
575	skene_MSN
577	skene_MSN
22859	skene_MSN
23266	skene_MSN
84890	skene_MSN
134	skene_MSN
135	skene_MSN
152	skene_MSN
11047	skene_MSN
159	skene_MSN
3899	skene_MSN
173	skene_MSN
54812	skene_MSN
116986	skene_MSN
3268	skene_MSN
55109	skene_MSN
192670	skene_MSN
23287	skene_MSN
10768	skene_MSN
27245	skene_MSN
55966	skene_MSN
8165	skene_MSN
11215	skene_MSN
9495	skene_MSN
26993	skene_MSN
208	skene_MSN
214	skene_MSN
219287	skene_MSN
9949	skene_MSN
90806	skene_MSN
83854	skene_MSN
288	skene_MSN
29123	skene_MSN
88455	skene_MSN
341405	skene_MSN
651746	skene_MSN
353322	skene_MSN
54851	skene_MSN
100131244	skene_MSN
56899	skene_MSN
57101	skene_MSN
63982	skene_MSN
55435	skene_MSN
1174	skene_MSN
160	skene_MSN
8546	skene_MSN
8943	skene_MSN
333	skene_MSN
351	skene_MSN
9716	skene_MSN
367	skene_MSN
116984	skene_MSN
23237	skene_MSN
9870	skene_MSN
377	skene_MSN
384	skene_MSN
55082	skene_MSN
79658	skene_MSN
57569	skene_MSN
9743	skene_MSN
115703	skene_MSN
397	skene_MSN
9828	skene_MSN
9181	skene_MSN
50650	skene_MSN
23229	skene_MSN
80117	skene_MSN
120534	skene_MSN
379	skene_MSN
79624	skene_MSN
406	skene_MSN
10109	skene_MSN
10776	skene_MSN
10777	skene_MSN
140456	skene_MSN
51676	skene_MSN
55870	skene_MSN
41	skene_MSN
55515	skene_MSN
57168	skene_MSN
11016	skene_MSN
114108587	skene_MSN
64225	skene_MSN
488	skene_MSN
490	skene_MSN
491	skene_MSN
100526740	skene_MSN
51382	skene_MSN
57198	skene_MSN
64756	skene_MSN
6310	skene_MSN
342371	skene_MSN
6790	skene_MSN
26053	skene_MSN
60370	skene_MSN
10317	skene_MSN
10678	skene_MSN
2583	skene_MSN
80776	skene_MSN
9529	skene_MSN
22893	skene_MSN
10458	skene_MSN
56987	skene_MSN
54828	skene_MSN
64919	skene_MSN
54880	skene_MSN
613	skene_MSN
80823	skene_MSN
641	skene_MSN
154743	skene_MSN
259282	skene_MSN
51027	skene_MSN
23246	skene_MSN
673	skene_MSN
1620	skene_MSN
118663	skene_MSN
90135	skene_MSN
11149	skene_MSN
118611	skene_MSN
399947	skene_MSN
404550	skene_MSN
148223	skene_MSN
56913	skene_MSN
388581	skene_MSN
114900	skene_MSN
54976	skene_MSN
9854	skene_MSN
9847	skene_MSN
285315	skene_MSN
201725	skene_MSN
55322	skene_MSN
729	skene_MSN
730	skene_MSN
735	skene_MSN
770	skene_MSN
771	skene_MSN
766	skene_MSN
100874369	skene_MSN
775	skene_MSN
776	skene_MSN
777	skene_MSN
8912	skene_MSN
8911	skene_MSN
55799	skene_MSN
782	skene_MSN
783	skene_MSN
785	skene_MSN
10368	skene_MSN
253559	skene_MSN
793	skene_MSN
57658	skene_MSN
810	skene_MSN
83698	skene_MSN
57118	skene_MSN
816	skene_MSN
55450	skene_MSN
814	skene_MSN
10645	skene_MSN
79012	skene_MSN
10487	skene_MSN
10486	skene_MSN
138199	skene_MSN
874	skene_MSN
8535	skene_MSN
23466	skene_MSN
57332	skene_MSN
29903	skene_MSN
203260	skene_MSN
80071	skene_MSN
11007	skene_MSN
101928991	skene_MSN
83605	skene_MSN
894	skene_MSN
151195	skene_MSN
1235	skene_MSN
126731	skene_MSN
939	skene_MSN
9936	skene_MSN
916	skene_MSN
920	skene_MSN
961	skene_MSN
923	skene_MSN
51362	skene_MSN
10602	skene_MSN
1006	skene_MSN
1007	skene_MSN
8621	skene_MSN
5128	skene_MSN
23097	skene_MSN
8851	skene_MSN
8941	skene_MSN
6792	skene_MSN
150383	skene_MSN
10659	skene_MSN
60680	skene_MSN
1952	skene_MSN
55835	skene_MSN
57562	skene_MSN
80817	skene_MSN
51134	skene_MSN
1675	skene_MSN
1101	skene_MSN
400916	skene_MSN
79145	skene_MSN
9557	skene_MSN
1108	skene_MSN
57132	skene_MSN
1123	skene_MSN
1128	skene_MSN
1132	skene_MSN
8534	skene_MSN
50515	skene_MSN
51363	skene_MSN
337876	skene_MSN
1154	skene_MSN
11113	skene_MSN
1152	skene_MSN
1158	skene_MSN
9069	skene_MSN
9075	skene_MSN
160364	skene_MSN
54102	skene_MSN
79745	skene_MSN
9575	skene_MSN
1209	skene_MSN
63967	skene_MSN
157807	skene_MSN
254263	skene_MSN
22866	skene_MSN
26507	skene_MSN
54805	skene_MSN
57472	skene_MSN
246175	skene_MSN
29883	skene_MSN
27013	skene_MSN
163882	skene_MSN
152330	skene_MSN
53942	skene_MSN
8506	skene_MSN
79937	skene_MSN
728577	skene_MSN
100289279	skene_MSN
23242	skene_MSN
1690	skene_MSN
1285	skene_MSN
93058	skene_MSN
56997	skene_MSN
10391	skene_MSN
1353	skene_MSN
285521	skene_MSN
10814	skene_MSN
57699	skene_MSN
55313	skene_MSN
1387	skene_MSN
153222	skene_MSN
83690	skene_MSN
9696	skene_MSN
23373	skene_MSN
131544	skene_MSN
1437	skene_MSN
64478	skene_MSN
114788	skene_MSN
53944	skene_MSN
10217	skene_MSN
83992	skene_MSN
404217	skene_MSN
8065	skene_MSN
6376	skene_MSN
284613	skene_MSN
26999	skene_MSN
114757	skene_MSN
1540	skene_MSN
1592	skene_MSN
29785	skene_MSN
10858	skene_MSN
9420	skene_MSN
153090	skene_MSN
1602	skene_MSN
168002	skene_MSN
747	skene_MSN
1612	skene_MSN
1617	skene_MSN
57055	skene_MSN
57054	skene_MSN
57135	skene_MSN
1618	skene_MSN
55861	skene_MSN
1628	skene_MSN
55827	skene_MSN
285761	skene_MSN
85443	skene_MSN
23259	skene_MSN
115265	skene_MSN
23109	skene_MSN
7913	skene_MSN
64798	skene_MSN
84649	skene_MSN
1607	skene_MSN
160851	skene_MSN
9162	skene_MSN
55760	skene_MSN
22982	skene_MSN
54769	skene_MSN
27123	skene_MSN
1740	skene_MSN
1742	skene_MSN
9228	skene_MSN
58512	skene_MSN
1749	skene_MSN
1750	skene_MSN
93099	skene_MSN
2039	skene_MSN
23639	skene_MSN
1768	skene_MSN
27000	skene_MSN
1773	skene_MSN
8447	skene_MSN
55619	skene_MSN
1795	skene_MSN
9732	skene_MSN
55715	skene_MSN
8193	skene_MSN
89978	skene_MSN
91039	skene_MSN
147991	skene_MSN
165545	skene_MSN
92749	skene_MSN
1812	skene_MSN
1813	skene_MSN
196403	skene_MSN
11072	skene_MSN
1850	skene_MSN
54808	skene_MSN
9149	skene_MSN
199221	skene_MSN
9166	skene_MSN
1917	skene_MSN
80820	skene_MSN
79825	skene_MSN
1948	skene_MSN
1958	skene_MSN
1959	skene_MSN
1961	skene_MSN
1962	skene_MSN
2002	skene_MSN
55531	skene_MSN
2009	skene_MSN
161436	skene_MSN
8507	skene_MSN
2026	skene_MSN
953	skene_MSN
956	skene_MSN
2035	skene_MSN
2041	skene_MSN
2043	skene_MSN
2045	skene_MSN
2046	skene_MSN
253152	skene_MSN
7957	skene_MSN
2056	skene_MSN
2057	skene_MSN
2065	skene_MSN
54821	skene_MSN
2077	skene_MSN
90459	skene_MSN
10613	skene_MSN
2114	skene_MSN
2119	skene_MSN
2135	skene_MSN
2160	skene_MSN
2147	skene_MSN
2157	skene_MSN
284611	skene_MSN
90362	skene_MSN
23196	skene_MSN
220108	skene_MSN
9715	skene_MSN
51059	skene_MSN
167555	skene_MSN
642968	skene_MSN
221061	skene_MSN
345757	skene_MSN
56204	skene_MSN
29902	skene_MSN
84915	skene_MSN
9679	skene_MSN
199870	skene_MSN
147965	skene_MSN
2187	skene_MSN
120114	skene_MSN
79176	skene_MSN
146330	skene_MSN
80028	skene_MSN
26224	skene_MSN
114907	skene_MSN
150726	skene_MSN
23149	skene_MSN
2259	skene_MSN
2248	skene_MSN
84067	skene_MSN
64760	skene_MSN
9896	skene_MSN
27145	skene_MSN
2289	skene_MSN
23769	skene_MSN
23767	skene_MSN
84256	skene_MSN
96459	skene_MSN
2294	skene_MSN
2290	skene_MSN
3344	skene_MSN
2308	skene_MSN
100132074	skene_MSN
80144	skene_MSN
9758	skene_MSN
391059	skene_MSN
23732	skene_MSN
10468	skene_MSN
23105	skene_MSN
282969	skene_MSN
2523	skene_MSN
10690	skene_MSN
79443	skene_MSN
7976	skene_MSN
139716	skene_MSN
2555	skene_MSN
2557	skene_MSN
2562	skene_MSN
2563	skene_MSN
2567	skene_MSN
2571	skene_MSN
114805	skene_MSN
374378	skene_MSN
2593	skene_MSN
10634	skene_MSN
8522	skene_MSN
57459	skene_MSN
9648	skene_MSN
2729	skene_MSN
2651	skene_MSN
9615	skene_MSN
2668	skene_MSN
81544	skene_MSN
54438	skene_MSN
64096	skene_MSN
27069	skene_MSN
54810	skene_MSN
113263	skene_MSN
26035	skene_MSN
2737	skene_MSN
2743	skene_MSN
10691	skene_MSN
2766	skene_MSN
2774	skene_MSN
2783	skene_MSN
10681	skene_MSN
2788	skene_MSN
2803	skene_MSN
2812	skene_MSN
84803	skene_MSN
23131	skene_MSN
2819	skene_MSN
10243	skene_MSN
2824	skene_MSN
2835	skene_MSN
115330	skene_MSN
151556	skene_MSN
57512	skene_MSN
2841	skene_MSN
2849	skene_MSN
2827	skene_MSN
2830	skene_MSN
83873	skene_MSN
54112	skene_MSN
285513	skene_MSN
257202	skene_MSN
57476	skene_MSN
2891	skene_MSN
2892	skene_MSN
2894	skene_MSN
2895	skene_MSN
2898	skene_MSN
2901	skene_MSN
2902	skene_MSN
2904	skene_MSN
56850	skene_MSN
2869	skene_MSN
2911	skene_MSN
2913	skene_MSN
2915	skene_MSN
2917	skene_MSN
83445	skene_MSN
146395	skene_MSN
2932	skene_MSN
2975	skene_MSN
2977	skene_MSN
51454	skene_MSN
57531	skene_MSN
3036	skene_MSN
139324	skene_MSN
54497	skene_MSN
57520	skene_MSN
92797	skene_MSN
9931	skene_MSN
64224	skene_MSN
23462	skene_MSN
64399	skene_MSN
3097	skene_MSN
3108	skene_MSN
3119	skene_MSN
3120	skene_MSN
3141	skene_MSN
3131	skene_MSN
22993	skene_MSN
9456	skene_MSN
3208	skene_MSN
3265	skene_MSN
11255	skene_MSN
9951	skene_MSN
222537	skene_MSN
90161	skene_MSN
266722	skene_MSN
3351	skene_MSN
3355	skene_MSN
3358	skene_MSN
3360	skene_MSN
3362	skene_MSN
7087	skene_MSN
3400	skene_MSN
3620	skene_MSN
389792	skene_MSN
55081	skene_MSN
3508	skene_MSN
152404	skene_MSN
3586	skene_MSN
3596	skene_MSN
84818	skene_MSN
11141	skene_MSN
146433	skene_MSN
3569	skene_MSN
83943	skene_MSN
64423	skene_MSN
3624	skene_MSN
54617	skene_MSN
54891	skene_MSN
3631	skene_MSN
3632	skene_MSN
27124	skene_MSN
51447	skene_MSN
9670	skene_MSN
64768	skene_MSN
134728	skene_MSN
64207	skene_MSN
3669	skene_MSN
3678	skene_MSN
3680	skene_MSN
3685	skene_MSN
9270	skene_MSN
3690	skene_MSN
81618	skene_MSN
3706	skene_MSN
3708	skene_MSN
85450	skene_MSN
10625	skene_MSN
79960	skene_MSN
23338	skene_MSN
152789	skene_MSN
56704	skene_MSN
57338	skene_MSN
84502	skene_MSN
2648	skene_MSN
23254	skene_MSN
3736	skene_MSN
3737	skene_MSN
3739	skene_MSN
7881	skene_MSN
3745	skene_MSN
3751	skene_MSN
3754	skene_MSN
3756	skene_MSN
23416	skene_MSN
23415	skene_MSN
30819	skene_MSN
30818	skene_MSN
3767	skene_MSN
3759	skene_MSN
3761	skene_MSN
3775	skene_MSN
3776	skene_MSN
3778	skene_MSN
3784	skene_MSN
3785	skene_MSN
3786	skene_MSN
56479	skene_MSN
3788	skene_MSN
57582	skene_MSN
27012	skene_MSN
284252	skene_MSN
79734	skene_MSN
386617	skene_MSN
55818	skene_MSN
23030	skene_MSN
80853	skene_MSN
9778	skene_MSN
84162	skene_MSN
25758	skene_MSN
144577	skene_MSN
57576	skene_MSN
55243	skene_MSN
84623	skene_MSN
4254	skene_MSN
688	skene_MSN
687	skene_MSN
126823	skene_MSN
55175	skene_MSN
90293	skene_MSN
114818	skene_MSN
3840	skene_MSN
11133	skene_MSN
83999	skene_MSN
339855	skene_MSN
56267	skene_MSN
114294	skene_MSN
24141	skene_MSN
84458	skene_MSN
9079	skene_MSN
11155	skene_MSN
753	skene_MSN
23641	skene_MSN
94059	skene_MSN
3954	skene_MSN
9211	skene_MSN
55203	skene_MSN
375323	skene_MSN
3976	skene_MSN
22998	skene_MSN
80774	skene_MSN
64130	skene_MSN
158038	skene_MSN
645191	skene_MSN
4005	skene_MSN
8543	skene_MSN
4008	skene_MSN
22853	skene_MSN
91694	skene_MSN
254531	skene_MSN
4023	skene_MSN
987	skene_MSN
29967	skene_MSN
53353	skene_MSN
55227	skene_MSN
376132	skene_MSN
390205	skene_MSN
55222	skene_MSN
64101	skene_MSN
54839	skene_MSN
57689	skene_MSN
57554	skene_MSN
221424	skene_MSN
120892	skene_MSN
347730	skene_MSN
347731	skene_MSN
57408	skene_MSN
654429	skene_MSN
149986	skene_MSN
4049	skene_MSN
26046	skene_MSN
57128	skene_MSN
1130	skene_MSN
9762	skene_MSN
140733	skene_MSN
4117	skene_MSN
10892	skene_MSN
4121	skene_MSN
10905	skene_MSN
4124	skene_MSN
4122	skene_MSN
149175	skene_MSN
4130	skene_MSN
55201	skene_MSN
5604	skene_MSN
9175	skene_MSN
79929	skene_MSN
9053	skene_MSN
5594	skene_MSN
5596	skene_MSN
9479	skene_MSN
79109	skene_MSN
4139	skene_MSN
23031	skene_MSN
27430	skene_MSN
4145	skene_MSN
8932	skene_MSN
10150	skene_MSN
8720	skene_MSN
2847	skene_MSN
4172	skene_MSN
79772	skene_MSN
90550	skene_MSN
161357	skene_MSN
4200	skene_MSN
10873	skene_MSN
9969	skene_MSN
23389	skene_MSN
4205	skene_MSN
4209	skene_MSN
101928601	skene_MSN
4212	skene_MSN
64863	skene_MSN
51108	skene_MSN
84641	skene_MSN
256471	skene_MSN
11320	skene_MSN
11282	skene_MSN
4249	skene_MSN
146664	skene_MSN
10367	skene_MSN
54531	skene_MSN
50488	skene_MSN
8079	skene_MSN
27030	skene_MSN
8028	skene_MSN
4302	skene_MSN
23531	skene_MSN
4311	skene_MSN
4326	skene_MSN
4313	skene_MSN
4330	skene_MSN
27304	skene_MSN
4352	skene_MSN
4356	skene_MSN
65258	skene_MSN
744	skene_MSN
4359	skene_MSN
22808	skene_MSN
11222	skene_MSN
10884	skene_MSN
23255	skene_MSN
767558	skene_MSN
136319	skene_MSN
10608	skene_MSN
255275	skene_MSN
4628	skene_MSN
4624	skene_MSN
4625	skene_MSN
4430	skene_MSN
140469	skene_MSN
4645	skene_MSN
339344	skene_MSN
23040	skene_MSN
7593	skene_MSN
23138	skene_MSN
79829	skene_MSN
4665	skene_MSN
259232	skene_MSN
57106	skene_MSN
26960	skene_MSN
23154	skene_MSN
10787	skene_MSN
8648	skene_MSN
81565	skene_MSN
54602	skene_MSN
65009	skene_MSN
4722	skene_MSN
4703	skene_MSN
64168	skene_MSN
54550	skene_MSN
23327	skene_MSN
81832	skene_MSN
81831	skene_MSN
4759	skene_MSN
9148	skene_MSN
91624	skene_MSN
4773	skene_MSN
9054	skene_MSN
4802	skene_MSN
25791	skene_MSN
4804	skene_MSN
392490	skene_MSN
340527	skene_MSN
51199	skene_MSN
57185	skene_MSN
154215	skene_MSN
22871	skene_MSN
26155	skene_MSN
8715	skene_MSN
65083	skene_MSN
4862	skene_MSN
261734	skene_MSN
80896	skene_MSN
9572	skene_MSN
9975	skene_MSN
2908	skene_MSN
4306	skene_MSN
55051	skene_MSN
9542	skene_MSN
123904	skene_MSN
4907	skene_MSN
50863	skene_MSN
4916	skene_MSN
4925	skene_MSN
9818	skene_MSN
54827	skene_MSN
4946	skene_MSN
84033	skene_MSN
79629	skene_MSN
79627	skene_MSN
9480	skene_MSN
93377	skene_MSN
80228	skene_MSN
23762	skene_MSN
26031	skene_MSN
114882	skene_MSN
9381	skene_MSN
54726	skene_MSN
339229	skene_MSN
5028	skene_MSN
5033	skene_MSN
152559	skene_MSN
56288	skene_MSN
25973	skene_MSN
56125	skene_MSN
56124	skene_MSN
56123	skene_MSN
56122	skene_MSN
56130	skene_MSN
8641	skene_MSN
56097	skene_MSN
115294	skene_MSN
80003	skene_MSN
5126	skene_MSN
90632	skene_MSN
10846	skene_MSN
5153	skene_MSN
5137	skene_MSN
5138	skene_MSN
5142	skene_MSN
9659	skene_MSN
27115	skene_MSN
8622	skene_MSN
5165	skene_MSN
54704	skene_MSN
5170	skene_MSN
8566	skene_MSN
23037	skene_MSN
79955	skene_MSN
118987	skene_MSN
79834	skene_MSN
57161	skene_MSN
27043	skene_MSN
5179	skene_MSN
8863	skene_MSN
5208	skene_MSN
5224	skene_MSN
79605	skene_MSN
10424	skene_MSN
221692	skene_MSN
5251	skene_MSN
23349	skene_MSN
9796	skene_MSN
5297	skene_MSN
196500	skene_MSN
8554	skene_MSN
5287	skene_MSN
5291	skene_MSN
30849	skene_MSN
8396	skene_MSN
8394	skene_MSN
57605	skene_MSN
9867	skene_MSN
11142	skene_MSN
5316	skene_MSN
123745	skene_MSN
23236	skene_MSN
23228	skene_MSN
5338	skene_MSN
200150	skene_MSN
5339	skene_MSN
54477	skene_MSN
5340	skene_MSN
10769	skene_MSN
126520	skene_MSN
54886	skene_MSN
9890	skene_MSN
163404	skene_MSN
57125	skene_MSN
23129	skene_MSN
56937	skene_MSN
56902	skene_MSN
5442	skene_MSN
10940	skene_MSN
5456	skene_MSN
10891	skene_MSN
133522	skene_MSN
8493	skene_MSN
5499	skene_MSN
4659	skene_MSN
23368	skene_MSN
26051	skene_MSN
5502	skene_MSN
84152	skene_MSN
5504	skene_MSN
153743	skene_MSN
55607	skene_MSN
84687	skene_MSN
5520	skene_MSN
5522	skene_MSN
5525	skene_MSN
5528	skene_MSN
5530	skene_MSN
5532	skene_MSN
5534	skene_MSN
57718	skene_MSN
22870	skene_MSN
9374	skene_MSN
160760	skene_MSN
84279	skene_MSN
10650	skene_MSN
145270	skene_MSN
5567	skene_MSN
51422	skene_MSN
5577	skene_MSN
5579	skene_MSN
5581	skene_MSN
5583	skene_MSN
5584	skene_MSN
5590	skene_MSN
56341	skene_MSN
55615	skene_MSN
80758	skene_MSN
112476	skene_MSN
285368	skene_MSN
5644	skene_MSN
5645	skene_MSN
5646	skene_MSN
5662	skene_MSN
23362	skene_MSN
23550	skene_MSN
11168	skene_MSN
26024	skene_MSN
139411	skene_MSN
100885848	skene_MSN
5737	skene_MSN
2185	skene_MSN
11156	skene_MSN
5781	skene_MSN
5775	skene_MSN
84867	skene_MSN
5778	skene_MSN
5795	skene_MSN
9232	skene_MSN
10744	skene_MSN
5814	skene_MSN
83448	skene_MSN
170394	skene_MSN
7837	skene_MSN
91300	skene_MSN
22841	skene_MSN
54734	skene_MSN
10966	skene_MSN
57799	skene_MSN
5875	skene_MSN
55684	skene_MSN
5888	skene_MSN
8438	skene_MSN
10267	skene_MSN
5909	skene_MSN
5912	skene_MSN
9693	skene_MSN
5913	skene_MSN
5915	skene_MSN
5916	skene_MSN
23551	skene_MSN
221002	skene_MSN
153020	skene_MSN
255426	skene_MSN
10125	skene_MSN
10235	skene_MSN
91608	skene_MSN
10616	skene_MSN
54715	skene_MSN
64783	skene_MSN
221662	skene_MSN
23029	skene_MSN
84060	skene_MSN
5937	skene_MSN
5950	skene_MSN
54542	skene_MSN
5954	skene_MSN
5649	skene_MSN
161253	skene_MSN
9185	skene_MSN
85004	skene_MSN
56729	skene_MSN
5991	skene_MSN
23179	skene_MSN
10636	skene_MSN
5997	skene_MSN
8601	skene_MSN
5999	skene_MSN
6000	skene_MSN
401190	skene_MSN
85397	skene_MSN
8787	skene_MSN
162494	skene_MSN
23221	skene_MSN
57589	skene_MSN
55188	skene_MSN
353116	skene_MSN
9610	skene_MSN
64795	skene_MSN
7844	skene_MSN
7732	skene_MSN
57484	skene_MSN
115992	skene_MSN
56163	skene_MSN
79102	skene_MSN
22838	skene_MSN
6049	skene_MSN
84900	skene_MSN
6051	skene_MSN
6092	skene_MSN
9475	skene_MSN
22895	skene_MSN
55197	skene_MSN
388394	skene_MSN
91582	skene_MSN
8986	skene_MSN
9252	skene_MSN
113000	skene_MSN
58528	skene_MSN
6241	skene_MSN
222194	skene_MSN
6242	skene_MSN
65078	skene_MSN
146760	skene_MSN
146923	skene_MSN
100506403	skene_MSN
861	skene_MSN
862	skene_MSN
6257	skene_MSN
6258	skene_MSN
6261	skene_MSN
6263	skene_MSN
401474	skene_MSN
9522	skene_MSN
949	skene_MSN
22955	skene_MSN
6323	skene_MSN
6324	skene_MSN
6326	skene_MSN
6327	skene_MSN
6328	skene_MSN
6330	skene_MSN
6334	skene_MSN
9805	skene_MSN
79634	skene_MSN
85508	skene_MSN
222663	skene_MSN
6391	skene_MSN
6397	skene_MSN
6403	skene_MSN
10371	skene_MSN
9723	skene_MSN
8482	skene_MSN
59343	skene_MSN
22928	skene_MSN
327657	skene_MSN
9792	skene_MSN
56256	skene_MSN
143686	skene_MSN
84193	skene_MSN
124925	skene_MSN
57713	skene_MSN
137868	skene_MSN
130367	skene_MSN
54557	skene_MSN
400745	skene_MSN
83699	skene_MSN
23616	skene_MSN
56904	skene_MSN
9644	skene_MSN
153769	skene_MSN
344558	skene_MSN
85358	skene_MSN
90525	skene_MSN
729956	skene_MSN
729993	skene_MSN
23235	skene_MSN
26037	skene_MSN
23094	skene_MSN
51547	skene_MSN
6496	skene_MSN
6497	skene_MSN
6498	skene_MSN
57468	skene_MSN
9120	skene_MSN
9194	skene_MSN
6580	skene_MSN
6582	skene_MSN
6581	skene_MSN
25769	skene_MSN
123041	skene_MSN
79085	skene_MSN
84275	skene_MSN
51312	skene_MSN
9673	skene_MSN
114134	skene_MSN
7779	skene_MSN
7782	skene_MSN
140679	skene_MSN
84912	skene_MSN
55343	skene_MSN
340146	skene_MSN
79939	skene_MSN
148641	skene_MSN
29985	skene_MSN
254428	skene_MSN
6508	skene_MSN
8671	skene_MSN
6533	skene_MSN
6545	skene_MSN
6543	skene_MSN
6547	skene_MSN
6548	skene_MSN
6553	skene_MSN
6586	skene_MSN
84631	skene_MSN
22865	skene_MSN
26050	skene_MSN
84189	skene_MSN
9748	skene_MSN
7871	skene_MSN
4088	skene_MSN
4089	skene_MSN
64744	skene_MSN
6594	skene_MSN
6602	skene_MSN
6604	skene_MSN
23381	skene_MSN
201895	skene_MSN
55512	skene_MSN
8303	skene_MSN
6645	skene_MSN
57231	skene_MSN
83891	skene_MSN
81609	skene_MSN
8835	skene_MSN
10580	skene_MSN
8470	skene_MSN
114815	skene_MSN
57537	skene_MSN
134548	skene_MSN
30812	skene_MSN
6668	skene_MSN
100131390	skene_MSN
100505741	skene_MSN
221178	skene_MSN
124044	skene_MSN
10290	skene_MSN
121599	skene_MSN
6690	skene_MSN
6692	skene_MSN
50859	skene_MSN
161742	skene_MSN
10253	skene_MSN
6710	skene_MSN
6711	skene_MSN
57731	skene_MSN
57522	skene_MSN
6723	skene_MSN
6732	skene_MSN
6733	skene_MSN
6734	skene_MSN
51593	skene_MSN
170463	skene_MSN
6755	skene_MSN
8869	skene_MSN
81849	skene_MSN
51046	skene_MSN
10809	skene_MSN
10948	skene_MSN
6781	skene_MSN
6786	skene_MSN
57620	skene_MSN
51765	skene_MSN
202374	skene_MSN
282974	skene_MSN
57464	skene_MSN
6801	skene_MSN
375057	skene_MSN
6813	skene_MSN
134957	skene_MSN
9515	skene_MSN
25777	skene_MSN
79723	skene_MSN
22987	skene_MSN
55638	skene_MSN
10388	skene_MSN
81493	skene_MSN
79953	skene_MSN
646658	skene_MSN
11346	skene_MSN
132204	skene_MSN
91683	skene_MSN
127833	skene_MSN
84258	skene_MSN
6861	skene_MSN
148281	skene_MSN
94122	skene_MSN
6863	skene_MSN
6867	skene_MSN
10474	skene_MSN
83860	skene_MSN
6874	skene_MSN
6875	skene_MSN
117289	skene_MSN
57551	skene_MSN
123283	skene_MSN
55617	skene_MSN
128637	skene_MSN
23102	skene_MSN
9882	skene_MSN
11138	skene_MSN
6903	skene_MSN
6907	skene_MSN
90665	skene_MSN
85012	skene_MSN
340543	skene_MSN
158931	skene_MSN
170082	skene_MSN
6942	skene_MSN
6954	skene_MSN
26123	skene_MSN
23424	skene_MSN
157695	skene_MSN
7008	skene_MSN
55714	skene_MSN
54997	skene_MSN
56154	skene_MSN
64216	skene_MSN
7039	skene_MSN
51078	skene_MSN
80764	skene_MSN
51337	skene_MSN
7064	skene_MSN
7068	skene_MSN
221981	skene_MSN
80745	skene_MSN
7070	skene_MSN
7074	skene_MSN
26230	skene_MSN
166815	skene_MSN
27283	skene_MSN
7088	skene_MSN
7091	skene_MSN
9874	skene_MSN
83660	skene_MSN
55374	skene_MSN
114795	skene_MSN
201799	skene_MSN
25907	skene_MSN
124491	skene_MSN
84548	skene_MSN
399474	skene_MSN
339453	skene_MSN
90488	skene_MSN
203197	skene_MSN
137695	skene_MSN
9772	skene_MSN
7111	skene_MSN
83857	skene_MSN
9804	skene_MSN
10953	skene_MSN
9868	skene_MSN
8940	skene_MSN
7164	skene_MSN
285386	skene_MSN
8460	skene_MSN
10293	skene_MSN
9881	skene_MSN
51112	skene_MSN
55809	skene_MSN
4591	skene_MSN
80128	skene_MSN
114088	skene_MSN
115708	skene_MSN
388610	skene_MSN
7220	skene_MSN
7223	skene_MSN
10194	skene_MSN
7102	skene_MSN
9256	skene_MSN
85453	skene_MSN
54902	skene_MSN
57217	skene_MSN
23508	skene_MSN
150465	skene_MSN
57348	skene_MSN
7277	skene_MSN
7301	skene_MSN
124402	skene_MSN
7326	skene_MSN
5412	skene_MSN
22888	skene_MSN
29978	skene_MSN
7343	skene_MSN
137886	skene_MSN
23074	skene_MSN
23025	skene_MSN
440279	skene_MSN
57578	skene_MSN
26019	skene_MSN
9816	skene_MSN
9099	skene_MSN
57646	skene_MSN
9960	skene_MSN
85015	skene_MSN
10090	skene_MSN
7402	skene_MSN
7425	skene_MSN
154807	skene_MSN
7436	skene_MSN
7443	skene_MSN
340547	skene_MSN
128434	skene_MSN
8936	skene_MSN
116966	skene_MSN
11152	skene_MSN
84058	skene_MSN
51398	skene_MSN
7466	skene_MSN
644150	skene_MSN
7472	skene_MSN
9671	skene_MSN
23286	skene_MSN
11059	skene_MSN
286046	skene_MSN
23039	skene_MSN
7517	skene_MSN
7518	skene_MSN
388403	skene_MSN
7534	skene_MSN
7597	skene_MSN
253461	skene_MSN
23099	skene_MSN
84878	skene_MSN
51341	skene_MSN
653121	skene_MSN
85463	skene_MSN
376940	skene_MSN
54503	skene_MSN
79683	skene_MSN
55625	skene_MSN
196441	skene_MSN
85446	skene_MSN
124961	skene_MSN
53349	skene_MSN
57732	skene_MSN
342357	skene_MSN
64393	skene_MSN
9203	skene_MSN
10771	skene_MSN
7733	skene_MSN
7748	skene_MSN
7755	skene_MSN
7776	skene_MSN
8187	skene_MSN
6940	skene_MSN
22891	skene_MSN
25946	skene_MSN
151126	skene_MSN
353088	skene_MSN
168544	skene_MSN
84858	skene_MSN
64763	skene_MSN
100289635	skene_MSN
79894	skene_MSN
51123	skene_MSN
155061	skene_MSN
54989	skene_MSN
91752	skene_MSN
128611	skene_MSN
57169	skene_MSN
10467	skene_MSN
84937	skene_MSN
57643	skene_MSN
57688	skene_MSN
125150	skene_MSN
