22848	skene_CA1
15	skene_CA1
5244	skene_CA1
6833	skene_CA1
26090	skene_CA1
58489	skene_CA1
57406	skene_CA1
10006	skene_CA1
10152	skene_CA1
27	skene_CA1
29	skene_CA1
58527	skene_CA1
23527	skene_CA1
116983	skene_CA1
79777	skene_CA1
1238	skene_CA1
641371	skene_CA1
10965	skene_CA1
122970	skene_CA1
390928	skene_CA1
51703	skene_CA1
51412	skene_CA1
284382	skene_CA1
10097	skene_CA1
10096	skene_CA1
57180	skene_CA1
653857	skene_CA1
90	skene_CA1
130399	skene_CA1
4185	skene_CA1
11093	skene_CA1
107	skene_CA1
108	skene_CA1
115	skene_CA1
119	skene_CA1
575	skene_CA1
576	skene_CA1
577	skene_CA1
23284	skene_CA1
134	skene_CA1
146	skene_CA1
152	skene_CA1
153	skene_CA1
116986	skene_CA1
3268	skene_CA1
23287	skene_CA1
57491	skene_CA1
326	skene_CA1
205	skene_CA1
26289	skene_CA1
11214	skene_CA1
9495	skene_CA1
254268	skene_CA1
226	skene_CA1
229	skene_CA1
242	skene_CA1
59344	skene_CA1
273	skene_CA1
155185	skene_CA1
27063	skene_CA1
651746	skene_CA1
284615	skene_CA1
100131244	skene_CA1
56899	skene_CA1
203859	skene_CA1
311	skene_CA1
310	skene_CA1
8906	skene_CA1
1174	skene_CA1
91056	skene_CA1
321	skene_CA1
333	skene_CA1
282679	skene_CA1
367	skene_CA1
23237	skene_CA1
9870	skene_CA1
375	skene_CA1
377	skene_CA1
381	skene_CA1
94134	skene_CA1
55843	skene_CA1
80728	skene_CA1
9181	skene_CA1
115557	skene_CA1
26084	skene_CA1
64283	skene_CA1
50650	skene_CA1
23229	skene_CA1
57492	skene_CA1
80117	skene_CA1
54622	skene_CA1
55207	skene_CA1
79624	skene_CA1
406	skene_CA1
56938	skene_CA1
10552	skene_CA1
10109	skene_CA1
10093	skene_CA1
100526693	skene_CA1
10092	skene_CA1
79642	skene_CA1
8853	skene_CA1
401036	skene_CA1
121549	skene_CA1
57168	skene_CA1
151516	skene_CA1
22926	skene_CA1
60673	skene_CA1
51062	skene_CA1
478	skene_CA1
481	skene_CA1
488	skene_CA1
490	skene_CA1
492	skene_CA1
27032	skene_CA1
9914	skene_CA1
527	skene_CA1
523	skene_CA1
8455	skene_CA1
8707	skene_CA1
27087	skene_CA1
374907	skene_CA1
2583	skene_CA1
9331	skene_CA1
9530	skene_CA1
22893	skene_CA1
10458	skene_CA1
55971	skene_CA1
80127	skene_CA1
53335	skene_CA1
64919	skene_CA1
604	skene_CA1
613	skene_CA1
627	skene_CA1
727857	skene_CA1
27319	skene_CA1
8553	skene_CA1
23246	skene_CA1
673	skene_CA1
65980	skene_CA1
676	skene_CA1
55290	skene_CA1
1620	skene_CA1
57795	skene_CA1
55845	skene_CA1
8927	skene_CA1
84280	skene_CA1
118663	skene_CA1
90135	skene_CA1
114781	skene_CA1
11149	skene_CA1
122525	skene_CA1
123775	skene_CA1
388284	skene_CA1
100141515	skene_CA1
127703	skene_CA1
84970	skene_CA1
389941	skene_CA1
388581	skene_CA1
114900	skene_CA1
140680	skene_CA1
9854	skene_CA1
389073	skene_CA1
285315	skene_CA1
401097	skene_CA1
133491	skene_CA1
134121	skene_CA1
770	skene_CA1
771	skene_CA1
766	skene_CA1
777	skene_CA1
781	skene_CA1
782	skene_CA1
783	skene_CA1
10368	skene_CA1
59283	skene_CA1
253559	skene_CA1
93664	skene_CA1
51063	skene_CA1
83698	skene_CA1
57118	skene_CA1
815	skene_CA1
816	skene_CA1
84254	skene_CA1
79012	skene_CA1
23125	skene_CA1
10487	skene_CA1
10486	skene_CA1
830	skene_CA1
378807	skene_CA1
863	skene_CA1
147372	skene_CA1
388389	skene_CA1
29903	skene_CA1
153733	skene_CA1
84865	skene_CA1
130940	skene_CA1
91050	skene_CA1
339965	skene_CA1
90416	skene_CA1
168455	skene_CA1
11007	skene_CA1
440193	skene_CA1
101928991	skene_CA1
54520	skene_CA1
885	skene_CA1
6361	skene_CA1
56477	skene_CA1
8900	skene_CA1
900	skene_CA1
901	skene_CA1
10309	skene_CA1
219771	skene_CA1
126731	skene_CA1
947	skene_CA1
4179	skene_CA1
994	skene_CA1
51362	skene_CA1
56990	skene_CA1
1009	skene_CA1
1010	skene_CA1
5128	skene_CA1
8851	skene_CA1
344387	skene_CA1
6792	skene_CA1
1040	skene_CA1
1052	skene_CA1
10659	skene_CA1
60680	skene_CA1
1952	skene_CA1
51134	skene_CA1
221223	skene_CA1
1068	skene_CA1
348807	skene_CA1
25790	skene_CA1
144535	skene_CA1
1675	skene_CA1
9557	skene_CA1
1107	skene_CA1
27159	skene_CA1
1121	skene_CA1
1123	skene_CA1
8646	skene_CA1
89832	skene_CA1
1128	skene_CA1
1131	skene_CA1
1132	skene_CA1
1133	skene_CA1
1134	skene_CA1
1138	skene_CA1
1139	skene_CA1
8534	skene_CA1
51363	skene_CA1
64377	skene_CA1
83539	skene_CA1
1181	skene_CA1
1187	skene_CA1
1188	skene_CA1
6320	skene_CA1
23274	skene_CA1
154790	skene_CA1
79745	skene_CA1
22883	skene_CA1
134829	skene_CA1
1262	skene_CA1
254263	skene_CA1
149111	skene_CA1
22866	skene_CA1
26507	skene_CA1
25927	skene_CA1
5067	skene_CA1
57642	skene_CA1
56997	skene_CA1
79934	skene_CA1
11151	skene_CA1
285521	skene_CA1
1362	skene_CA1
1363	skene_CA1
64506	skene_CA1
80315	skene_CA1
10814	skene_CA1
221184	skene_CA1
9362	skene_CA1
27132	skene_CA1
144402	skene_CA1
126129	skene_CA1
84699	skene_CA1
200407	skene_CA1
1395	skene_CA1
51232	skene_CA1
9244	skene_CA1
54675	skene_CA1
55118	skene_CA1
51084	skene_CA1
1428	skene_CA1
64478	skene_CA1
1452	skene_CA1
23283	skene_CA1
1504	skene_CA1
440387	skene_CA1
83992	skene_CA1
404217	skene_CA1
80157	skene_CA1
6376	skene_CA1
284613	skene_CA1
51706	skene_CA1
23191	skene_CA1
26999	skene_CA1
1583	skene_CA1
1588	skene_CA1
1594	skene_CA1
10858	skene_CA1
1580	skene_CA1
192668	skene_CA1
1600	skene_CA1
747	skene_CA1
55152	skene_CA1
1612	skene_CA1
1617	skene_CA1
57055	skene_CA1
57054	skene_CA1
57135	skene_CA1
1618	skene_CA1
340578	skene_CA1
55827	skene_CA1
285761	skene_CA1
1634	skene_CA1
115265	skene_CA1
23109	skene_CA1
91614	skene_CA1
84649	skene_CA1
1607	skene_CA1
8527	skene_CA1
1608	skene_CA1
160851	skene_CA1
9162	skene_CA1
8525	skene_CA1
10170	skene_CA1
56919	skene_CA1
81624	skene_CA1
1735	skene_CA1
22982	skene_CA1
54769	skene_CA1
27122	skene_CA1
1740	skene_CA1
1741	skene_CA1
9229	skene_CA1
9228	skene_CA1
22839	skene_CA1
1756	skene_CA1
58524	skene_CA1
23312	skene_CA1
1768	skene_CA1
1770	skene_CA1
55466	skene_CA1
25822	skene_CA1
64215	skene_CA1
83544	skene_CA1
1759	skene_CA1
29947	skene_CA1
8447	skene_CA1
9732	skene_CA1
23348	skene_CA1
79930	skene_CA1
220164	skene_CA1
147991	skene_CA1
1806	skene_CA1
1816	skene_CA1
1821	skene_CA1
57453	skene_CA1
1830	skene_CA1
84062	skene_CA1
56986	skene_CA1
150290	skene_CA1
1847	skene_CA1
1848	skene_CA1
1849	skene_CA1
1780	skene_CA1
8655	skene_CA1
8444	skene_CA1
55268	skene_CA1
1917	skene_CA1
374786	skene_CA1
64800	skene_CA1
23167	skene_CA1
25975	skene_CA1
1959	skene_CA1
1960	skene_CA1
1961	skene_CA1
30845	skene_CA1
114794	skene_CA1
2002	skene_CA1
2005	skene_CA1
63916	skene_CA1
55531	skene_CA1
2016	skene_CA1
8507	skene_CA1
2026	skene_CA1
55068	skene_CA1
2029	skene_CA1
955	skene_CA1
2043	skene_CA1
2044	skene_CA1
285220	skene_CA1
2045	skene_CA1
2049	skene_CA1
2051	skene_CA1
253152	skene_CA1
29924	skene_CA1
2060	skene_CA1
54586	skene_CA1
203111	skene_CA1
131831	skene_CA1
57488	skene_CA1
2115	skene_CA1
2116	skene_CA1
132884	skene_CA1
55218	skene_CA1
54536	skene_CA1
2131	skene_CA1
2134	skene_CA1
2166	skene_CA1
131408	skene_CA1
51059	skene_CA1
220965	skene_CA1
221061	skene_CA1
165215	skene_CA1
23359	skene_CA1
10712	skene_CA1
63939	skene_CA1
163933	skene_CA1
346653	skene_CA1
286336	skene_CA1
145773	skene_CA1
51439	skene_CA1
2177	skene_CA1
115795	skene_CA1
2200	skene_CA1
2201	skene_CA1
79176	skene_CA1
146330	skene_CA1
26233	skene_CA1
126433	skene_CA1
79791	skene_CA1
55030	skene_CA1
150726	skene_CA1
55294	skene_CA1
55079	skene_CA1
2255	skene_CA1
2256	skene_CA1
8823	skene_CA1
2250	skene_CA1
26127	skene_CA1
2274	skene_CA1
84929	skene_CA1
2280	skene_CA1
2281	skene_CA1
23770	skene_CA1
23768	skene_CA1
342184	skene_CA1
64838	skene_CA1
252995	skene_CA1
96459	skene_CA1
54914	skene_CA1
2355	skene_CA1
2290	skene_CA1
100132074	skene_CA1
90167	skene_CA1
9758	skene_CA1
23732	skene_CA1
10129	skene_CA1
2538	skene_CA1
9568	skene_CA1
2554	skene_CA1
2555	skene_CA1
2557	skene_CA1
2558	skene_CA1
2560	skene_CA1
2561	skene_CA1
2562	skene_CA1
89792	skene_CA1
130589	skene_CA1
57452	skene_CA1
374378	skene_CA1
2591	skene_CA1
50614	skene_CA1
442117	skene_CA1
8522	skene_CA1
57459	skene_CA1
9648	skene_CA1
8521	skene_CA1
2651	skene_CA1
9615	skene_CA1
2657	skene_CA1
54438	skene_CA1
64096	skene_CA1
28964	skene_CA1
125111	skene_CA1
112937	skene_CA1
11010	skene_CA1
2744	skene_CA1
83468	skene_CA1
2766	skene_CA1
2770	skene_CA1
10681	skene_CA1
51764	skene_CA1
63906	skene_CA1
2239	skene_CA1
2819	skene_CA1
23171	skene_CA1
2820	skene_CA1
2823	skene_CA1
2824	skene_CA1
64582	skene_CA1
134391	skene_CA1
23432	skene_CA1
29909	skene_CA1
2845	skene_CA1
2848	skene_CA1
2849	skene_CA1
2850	skene_CA1
2863	skene_CA1
81491	skene_CA1
114787	skene_CA1
57476	skene_CA1
80000	skene_CA1
26585	skene_CA1
29841	skene_CA1
2890	skene_CA1
2891	skene_CA1
2892	skene_CA1
2902	skene_CA1
2903	skene_CA1
2904	skene_CA1
116443	skene_CA1
2907	skene_CA1
2915	skene_CA1
2917	skene_CA1
2922	skene_CA1
23199	skene_CA1
221357	skene_CA1
2977	skene_CA1
727936	skene_CA1
201562	skene_CA1
57531	skene_CA1
404037	skene_CA1
3038	skene_CA1
29915	skene_CA1
348980	skene_CA1
9734	skene_CA1
50865	skene_CA1
143279	skene_CA1
8916	skene_CA1
84667	skene_CA1
3097	skene_CA1
59269	skene_CA1
3098	skene_CA1
3108	skene_CA1
3176	skene_CA1
92906	skene_CA1
9456	skene_CA1
9455	skene_CA1
3208	skene_CA1
51440	skene_CA1
84842	skene_CA1
266722	skene_CA1
259217	skene_CA1
3306	skene_CA1
10808	skene_CA1
10553	skene_CA1
3350	skene_CA1
3355	skene_CA1
3360	skene_CA1
3361	skene_CA1
30811	skene_CA1
84329	skene_CA1
219844	skene_CA1
3386	skene_CA1
7087	skene_CA1
169355	skene_CA1
3460	skene_CA1
55081	skene_CA1
3487	skene_CA1
3489	skene_CA1
132014	skene_CA1
246778	skene_CA1
146433	skene_CA1
387597	skene_CA1
388324	skene_CA1
3622	skene_CA1
3625	skene_CA1
10022	skene_CA1
117283	skene_CA1
51194	skene_CA1
64768	skene_CA1
100505385	skene_CA1
29970	skene_CA1
10788	skene_CA1
23096	skene_CA1
134728	skene_CA1
3676	skene_CA1
8516	skene_CA1
9358	skene_CA1
9445	skene_CA1
81618	skene_CA1
3706	skene_CA1
3708	skene_CA1
50618	skene_CA1
23338	skene_CA1
3716	skene_CA1
56704	skene_CA1
57338	skene_CA1
84502	skene_CA1
105372240	skene_CA1
126306	skene_CA1
8997	skene_CA1
9920	skene_CA1
89890	skene_CA1
84078	skene_CA1
3739	skene_CA1
7881	skene_CA1
8514	skene_CA1
3745	skene_CA1
3748	skene_CA1
3751	skene_CA1
10008	skene_CA1
3755	skene_CA1
26251	skene_CA1
23416	skene_CA1
90134	skene_CA1
30819	skene_CA1
3760	skene_CA1
3761	skene_CA1
3763	skene_CA1
3765	skene_CA1
56660	skene_CA1
50801	skene_CA1
3778	skene_CA1
3785	skene_CA1
3786	skene_CA1
3787	skene_CA1
3788	skene_CA1
343450	skene_CA1
27012	skene_CA1
284252	skene_CA1
253980	skene_CA1
57528	skene_CA1
386618	skene_CA1
200845	skene_CA1
23030	skene_CA1
80853	skene_CA1
10656	skene_CA1
144577	skene_CA1
10749	skene_CA1
90990	skene_CA1
3815	skene_CA1
9365	skene_CA1
51274	skene_CA1
687	skene_CA1
55295	skene_CA1
26249	skene_CA1
257240	skene_CA1
5650	skene_CA1
11202	skene_CA1
11133	skene_CA1
338785	skene_CA1
8844	skene_CA1
55323	skene_CA1
3938	skene_CA1
9079	skene_CA1
10637	skene_CA1
7044	skene_CA1
55891	skene_CA1
163747	skene_CA1
340596	skene_CA1
64077	skene_CA1
9355	skene_CA1
3977	skene_CA1
80774	skene_CA1
64130	skene_CA1
84894	skene_CA1
645191	skene_CA1
3990	skene_CA1
167410	skene_CA1
92255	skene_CA1
89782	skene_CA1
4004	skene_CA1
8543	skene_CA1
4008	skene_CA1
22853	skene_CA1
114783	skene_CA1
91694	skene_CA1
4023	skene_CA1
57622	skene_CA1
57497	skene_CA1
116844	skene_CA1
84918	skene_CA1
390205	skene_CA1
64101	skene_CA1
57689	skene_CA1
57554	skene_CA1
221424	skene_CA1
9208	skene_CA1
84125	skene_CA1
10446	skene_CA1
164312	skene_CA1
347730	skene_CA1
4058	skene_CA1
286343	skene_CA1
7798	skene_CA1
116372	skene_CA1
256586	skene_CA1
131375	skene_CA1
8216	skene_CA1
11178	skene_CA1
9762	skene_CA1
84944	skene_CA1
139604	skene_CA1
114569	skene_CA1
4121	skene_CA1
54682	skene_CA1
4130	skene_CA1
55201	skene_CA1
5604	skene_CA1
4134	skene_CA1
8491	skene_CA1
11183	skene_CA1
5594	skene_CA1
5602	skene_CA1
1432	skene_CA1
5596	skene_CA1
4142	skene_CA1
23031	skene_CA1
27430	skene_CA1
4145	skene_CA1
4147	skene_CA1
4151	skene_CA1
85509	skene_CA1
8930	skene_CA1
10150	skene_CA1
4160	skene_CA1
2847	skene_CA1
345643	skene_CA1
55013	skene_CA1
266727	skene_CA1
10873	skene_CA1
9862	skene_CA1
4209	skene_CA1
1955	skene_CA1
4241	skene_CA1
4233	skene_CA1
25840	skene_CA1
148808	skene_CA1
9645	skene_CA1
50488	skene_CA1
4285	skene_CA1
8079	skene_CA1
90523	skene_CA1
23531	skene_CA1
221938	skene_CA1
4326	skene_CA1
27304	skene_CA1
4355	skene_CA1
758	skene_CA1
255027	skene_CA1
196264	skene_CA1
22808	skene_CA1
140699	skene_CA1
9242	skene_CA1
4482	skene_CA1
22921	skene_CA1
4486	skene_CA1
51537	skene_CA1
8776	skene_CA1
54545	skene_CA1
91663	skene_CA1
4608	skene_CA1
4624	skene_CA1
29116	skene_CA1
4645	skene_CA1
23040	skene_CA1
84316	skene_CA1
4665	skene_CA1
64859	skene_CA1
728215	skene_CA1
63908	skene_CA1
8774	skene_CA1
57106	skene_CA1
89795	skene_CA1
26960	skene_CA1
23154	skene_CA1
57552	skene_CA1
8440	skene_CA1
10787	skene_CA1
51517	skene_CA1
8648	skene_CA1
135112	skene_CA1
57446	skene_CA1
9348	skene_CA1
64579	skene_CA1
81607	skene_CA1
23327	skene_CA1
4745	skene_CA1
4753	skene_CA1
9148	skene_CA1
54492	skene_CA1
4760	skene_CA1
4761	skene_CA1
63974	skene_CA1
4781	skene_CA1
4784	skene_CA1
57224	skene_CA1
51199	skene_CA1
4824	skene_CA1
22871	skene_CA1
54413	skene_CA1
171389	skene_CA1
79671	skene_CA1
4836	skene_CA1
25819	skene_CA1
65083	skene_CA1
122945	skene_CA1
4862	skene_CA1
256933	skene_CA1
2831	skene_CA1
56654	skene_CA1
261734	skene_CA1
4868	skene_CA1
4883	skene_CA1
4884	skene_CA1
4885	skene_CA1
23467	skene_CA1
4886	skene_CA1
4889	skene_CA1
4306	skene_CA1
3164	skene_CA1
8013	skene_CA1
4897	skene_CA1
10718	skene_CA1
8204	skene_CA1
4901	skene_CA1
51299	skene_CA1
8829	skene_CA1
4905	skene_CA1
51617	skene_CA1
56160	skene_CA1
26012	skene_CA1
79730	skene_CA1
51559	skene_CA1
126147	skene_CA1
4916	skene_CA1
9891	skene_CA1
200035	skene_CA1
53343	skene_CA1
9253	skene_CA1
4948	skene_CA1
79629	skene_CA1
132299	skene_CA1
55239	skene_CA1
29789	skene_CA1
10439	skene_CA1
25903	skene_CA1
4978	skene_CA1
403277	skene_CA1
219473	skene_CA1
219453	skene_CA1
80228	skene_CA1
93129	skene_CA1
23762	skene_CA1
114880	skene_CA1
283310	skene_CA1
78990	skene_CA1
220213	skene_CA1
161725	skene_CA1
124641	skene_CA1
58495	skene_CA1
339229	skene_CA1
5021	skene_CA1
54681	skene_CA1
29993	skene_CA1
5053	skene_CA1
342979	skene_CA1
54873	skene_CA1
56666	skene_CA1
344838	skene_CA1
142	skene_CA1
5097	skene_CA1
57526	skene_CA1
64881	skene_CA1
56133	skene_CA1
56129	skene_CA1
56106	skene_CA1
26025	skene_CA1
56109	skene_CA1
56107	skene_CA1
56104	skene_CA1
8641	skene_CA1
56097	skene_CA1
5106	skene_CA1
22990	skene_CA1
80003	skene_CA1
27250	skene_CA1
50940	skene_CA1
5136	skene_CA1
5138	skene_CA1
5141	skene_CA1
5155	skene_CA1
5165	skene_CA1
9260	skene_CA1
255762	skene_CA1
79834	skene_CA1
8864	skene_CA1
5192	skene_CA1
51555	skene_CA1
5211	skene_CA1
5224	skene_CA1
93210	skene_CA1
79605	skene_CA1
283209	skene_CA1
221692	skene_CA1
51230	skene_CA1
23349	skene_CA1
9796	skene_CA1
9488	skene_CA1
284098	skene_CA1
5291	skene_CA1
79837	skene_CA1
8394	skene_CA1
8395	skene_CA1
9867	skene_CA1
5318	skene_CA1
8502	skene_CA1
23236	skene_CA1
9651	skene_CA1
23228	skene_CA1
89869	skene_CA1
57449	skene_CA1
5340	skene_CA1
10769	skene_CA1
403313	skene_CA1
64748	skene_CA1
9890	skene_CA1
163404	skene_CA1
5358	skene_CA1
57088	skene_CA1
83483	skene_CA1
5361	skene_CA1
5362	skene_CA1
91584	skene_CA1
127435	skene_CA1
56655	skene_CA1
10940	skene_CA1
64208	skene_CA1
64840	skene_CA1
340441	skene_CA1
5475	skene_CA1
8499	skene_CA1
8541	skene_CA1
22843	skene_CA1
152926	skene_CA1
4659	skene_CA1
5502	skene_CA1
284352	skene_CA1
55607	skene_CA1
84687	skene_CA1
5525	skene_CA1
5530	skene_CA1
5532	skene_CA1
5533	skene_CA1
5534	skene_CA1
57718	skene_CA1
84279	skene_CA1
56980	skene_CA1
56978	skene_CA1
166336	skene_CA1
5565	skene_CA1
51422	skene_CA1
5578	skene_CA1
5579	skene_CA1
5581	skene_CA1
5582	skene_CA1
5591	skene_CA1
51052	skene_CA1
56341	skene_CA1
5621	skene_CA1
128674	skene_CA1
253143	skene_CA1
80758	skene_CA1
112476	skene_CA1
285368	skene_CA1
8492	skene_CA1
400668	skene_CA1
5662	skene_CA1
23362	skene_CA1
84722	skene_CA1
8643	skene_CA1
9317	skene_CA1
11251	skene_CA1
5743	skene_CA1
5747	skene_CA1
2185	skene_CA1
5774	skene_CA1
5786	skene_CA1
5790	skene_CA1
5791	skene_CA1
5795	skene_CA1
5799	skene_CA1
10076	skene_CA1
170394	skene_CA1
23518	skene_CA1
91300	skene_CA1
22841	skene_CA1
9727	skene_CA1
25837	skene_CA1
23682	skene_CA1
9545	skene_CA1
117177	skene_CA1
10966	skene_CA1
51762	skene_CA1
9910	skene_CA1
729475	skene_CA1
8480	skene_CA1
10743	skene_CA1
10267	skene_CA1
5911	skene_CA1
5912	skene_CA1
9693	skene_CA1
9771	skene_CA1
51195	skene_CA1
5914	skene_CA1
8437	skene_CA1
51655	skene_CA1
221002	skene_CA1
5923	skene_CA1
10125	skene_CA1
10633	skene_CA1
65997	skene_CA1
55225	skene_CA1
9821	skene_CA1
5931	skene_CA1
54715	skene_CA1
221662	skene_CA1
375287	skene_CA1
145226	skene_CA1
57665	skene_CA1
5971	skene_CA1
9185	skene_CA1
56729	skene_CA1
84666	skene_CA1
5989	skene_CA1
23179	skene_CA1
8786	skene_CA1
10636	skene_CA1
10287	skene_CA1
6000	skene_CA1
54509	skene_CA1
55288	skene_CA1
58480	skene_CA1
23504	skene_CA1
140730	skene_CA1
9610	skene_CA1
134701	skene_CA1
64777	skene_CA1
7732	skene_CA1
57484	skene_CA1
221687	skene_CA1
140545	skene_CA1
9475	skene_CA1
79641	skene_CA1
4919	skene_CA1
388394	skene_CA1
83694	skene_CA1
113000	skene_CA1
27079	skene_CA1
285367	skene_CA1
340419	skene_CA1
84870	skene_CA1
23168	skene_CA1
65078	skene_CA1
146760	skene_CA1
349667	skene_CA1
860	skene_CA1
59350	skene_CA1
6262	skene_CA1
6263	skene_CA1
64766	skene_CA1
6295	skene_CA1
389432	skene_CA1
100316904	skene_CA1
23314	skene_CA1
949	skene_CA1
6324	skene_CA1
6326	skene_CA1
55800	skene_CA1
6334	skene_CA1
27111	skene_CA1
645832	skene_CA1
6397	skene_CA1
23541	skene_CA1
23231	skene_CA1
9723	skene_CA1
10501	skene_CA1
347735	skene_CA1
400120	skene_CA1
124925	skene_CA1
23544	skene_CA1
83442	skene_CA1
23677	skene_CA1
9467	skene_CA1
6456	skene_CA1
57630	skene_CA1
50944	skene_CA1
22941	skene_CA1
81626	skene_CA1
388336	skene_CA1
729956	skene_CA1
23729	skene_CA1
54847	skene_CA1
26037	skene_CA1
23094	skene_CA1
140885	skene_CA1
10326	skene_CA1
55423	skene_CA1
6498	skene_CA1
6503	skene_CA1
89886	skene_CA1
57468	skene_CA1
729025	skene_CA1
151473	skene_CA1
6567	skene_CA1
9194	skene_CA1
23539	skene_CA1
26503	skene_CA1
57030	skene_CA1
6505	skene_CA1
25769	skene_CA1
57419	skene_CA1
123041	skene_CA1
8034	skene_CA1
79751	skene_CA1
115286	skene_CA1
399512	skene_CA1
284439	skene_CA1
5172	skene_CA1
64078	skene_CA1
56606	skene_CA1
7781	skene_CA1
148641	skene_CA1
80255	skene_CA1
206358	skene_CA1
55238	skene_CA1
6519	skene_CA1
254428	skene_CA1
204962	skene_CA1
57282	skene_CA1
9497	skene_CA1
6534	skene_CA1
57709	skene_CA1
6545	skene_CA1
23428	skene_CA1
6546	skene_CA1
6543	skene_CA1
6548	skene_CA1
6549	skene_CA1
389015	skene_CA1
6585	skene_CA1
6586	skene_CA1
114798	skene_CA1
22865	skene_CA1
139065	skene_CA1
26050	skene_CA1
9748	skene_CA1
4088	skene_CA1
221710	skene_CA1
643155	skene_CA1
64094	skene_CA1
6622	skene_CA1
27044	skene_CA1
8303	skene_CA1
9751	skene_CA1
6645	skene_CA1
23161	skene_CA1
51375	skene_CA1
387104	skene_CA1
22986	skene_CA1
6653	skene_CA1
6272	skene_CA1
134548	skene_CA1
171169	skene_CA1
9825	skene_CA1
124044	skene_CA1
10290	skene_CA1
80309	skene_CA1
646424	skene_CA1
124976	skene_CA1
10418	skene_CA1
6697	skene_CA1
200734	skene_CA1
503542	skene_CA1
6709	skene_CA1
6710	skene_CA1
6712	skene_CA1
63826	skene_CA1
6753	skene_CA1
6754	skene_CA1
117178	skene_CA1
8869	skene_CA1
81849	skene_CA1
51046	skene_CA1
29906	skene_CA1
6769	skene_CA1
57620	skene_CA1
6789	skene_CA1
90529	skene_CA1
285555	skene_CA1
161497	skene_CA1
29888	skene_CA1
375057	skene_CA1
134957	skene_CA1
9515	skene_CA1
6783	skene_CA1
6820	skene_CA1
6830	skene_CA1
9766	skene_CA1
9899	skene_CA1
55530	skene_CA1
50511	skene_CA1
6853	skene_CA1
6854	skene_CA1
79953	skene_CA1
8831	skene_CA1
8867	skene_CA1
8871	skene_CA1
23336	skene_CA1
11346	skene_CA1
6855	skene_CA1
6857	skene_CA1
91683	skene_CA1
83851	skene_CA1
51760	skene_CA1
84258	skene_CA1
6861	skene_CA1
90019	skene_CA1
6865	skene_CA1
6875	skene_CA1
85461	skene_CA1
219793	skene_CA1
23216	skene_CA1
93627	skene_CA1
79718	skene_CA1
9095	skene_CA1
6925	skene_CA1
9895	skene_CA1
57451	skene_CA1
55714	skene_CA1
26011	skene_CA1
283847	skene_CA1
54997	skene_CA1
7041	skene_CA1
7042	skene_CA1
7053	skene_CA1
100506564	skene_CA1
7064	skene_CA1
7066	skene_CA1
7067	skene_CA1
7068	skene_CA1
79875	skene_CA1
80731	skene_CA1
7070	skene_CA1
145942	skene_CA1
55374	skene_CA1
89894	skene_CA1
144404	skene_CA1
441027	skene_CA1
256472	skene_CA1
130612	skene_CA1
114801	skene_CA1
94107	skene_CA1
64417	skene_CA1
79041	skene_CA1
131616	skene_CA1
137695	skene_CA1
54968	skene_CA1
157753	skene_CA1
56674	skene_CA1
112268148	skene_CA1
29766	skene_CA1
126282	skene_CA1
388121	skene_CA1
8718	skene_CA1
85456	skene_CA1
7143	skene_CA1
7148	skene_CA1
27348	skene_CA1
8626	skene_CA1
7161	skene_CA1
11076	skene_CA1
285386	skene_CA1
8459	skene_CA1
10293	skene_CA1
9881	skene_CA1
23321	skene_CA1
4591	skene_CA1
287015	skene_CA1
114088	skene_CA1
115708	skene_CA1
7220	skene_CA1
7223	skene_CA1
7224	skene_CA1
100329135	skene_CA1
60385	skene_CA1
27075	skene_CA1
10098	skene_CA1
151613	skene_CA1
54902	skene_CA1
100287898	skene_CA1
145567	skene_CA1
158135	skene_CA1
26140	skene_CA1
7275	skene_CA1
7277	skene_CA1
286319	skene_CA1
11344	skene_CA1
117581	skene_CA1
1890	skene_CA1
7301	skene_CA1
124402	skene_CA1
53347	skene_CA1
7325	skene_CA1
22888	skene_CA1
221044	skene_CA1
23074	skene_CA1
54986	skene_CA1
23025	skene_CA1
10497	skene_CA1
90249	skene_CA1
57578	skene_CA1
285175	skene_CA1
65110	skene_CA1
7348	skene_CA1
205717	skene_CA1
7398	skene_CA1
9099	skene_CA1
29761	skene_CA1
85015	skene_CA1
64854	skene_CA1
10090	skene_CA1
27340	skene_CA1
84916	skene_CA1
25806	skene_CA1
7414	skene_CA1
2277	skene_CA1
7433	skene_CA1
23230	skene_CA1
54832	skene_CA1
6293	skene_CA1
7444	skene_CA1
342865	skene_CA1
8936	skene_CA1
22911	skene_CA1
23335	skene_CA1
7466	skene_CA1
644150	skene_CA1
7481	skene_CA1
7472	skene_CA1
54361	skene_CA1
7483	skene_CA1
9671	skene_CA1
7490	skene_CA1
80014	skene_CA1
7504	skene_CA1
114786	skene_CA1
143570	skene_CA1
64131	skene_CA1
55432	skene_CA1
29799	skene_CA1
7533	skene_CA1
7534	skene_CA1
7535	skene_CA1
79740	skene_CA1
7704	skene_CA1
10472	skene_CA1
26137	skene_CA1
79842	skene_CA1
340554	skene_CA1
79683	skene_CA1
254887	skene_CA1
9839	skene_CA1
124961	skene_CA1
161882	skene_CA1
51663	skene_CA1
57732	skene_CA1
153527	skene_CA1
51364	skene_CA1
7771	skene_CA1
7566	skene_CA1
7743	skene_CA1
8187	skene_CA1
90987	skene_CA1
23528	skene_CA1
84905	skene_CA1
22891	skene_CA1
84911	skene_CA1
151126	skene_CA1
116115	skene_CA1
51157	skene_CA1
90874	skene_CA1
91752	skene_CA1
128611	skene_CA1
741	skene_CA1
84083	skene_CA1
221785	skene_CA1
