22848	skene_InN
15	skene_InN
16	skene_InN
18	skene_InN
23461	skene_InN
23460	skene_InN
23457	skene_InN
6833	skene_InN
225	skene_InN
64137	skene_InN
80167	skene_InN
57406	skene_InN
79575	skene_InN
80325	skene_InN
79777	skene_InN
43	skene_InN
50	skene_InN
55856	skene_InN
2180	skene_InN
84517	skene_InN
53616	skene_InN
170689	skene_InN
170691	skene_InN
11095	skene_InN
339366	skene_InN
104	skene_InN
105	skene_InN
107	skene_InN
108	skene_InN
109	skene_InN
114	skene_InN
117	skene_InN
84435	skene_InN
113622	skene_InN
148	skene_InN
147	skene_InN
60312	skene_InN
79814	skene_InN
23287	skene_InN
186	skene_InN
196	skene_InN
57491	skene_InN
203	skene_InN
642597	skene_InN
9495	skene_InN
9465	skene_InN
214	skene_InN
218	skene_InN
7915	skene_InN
226	skene_InN
238	skene_InN
247	skene_InN
57463	skene_InN
81693	skene_InN
273	skene_InN
27329	skene_InN
286	skene_InN
56172	skene_InN
27063	skene_InN
147463	skene_InN
284615	skene_InN
340120	skene_InN
390616	skene_InN
339416	skene_InN
310	skene_InN
8905	skene_InN
11154	skene_InN
320	skene_InN
54518	skene_InN
334	skene_InN
346	skene_InN
350	skene_InN
351	skene_InN
362	skene_InN
363	skene_InN
10564	skene_InN
55843	skene_InN
83478	skene_InN
9826	skene_InN
50650	skene_InN
389337	skene_InN
9459	skene_InN
10865	skene_InN
80117	skene_InN
10123	skene_InN
379	skene_InN
26225	skene_InN
51566	skene_InN
9915	skene_InN
408	skene_InN
9048	skene_InN
170302	skene_InN
79754	skene_InN
401036	skene_InN
56676	skene_InN
40	skene_InN
55515	skene_InN
440	skene_InN
444	skene_InN
22809	skene_InN
220202	skene_InN
479	skene_InN
478	skene_InN
481	skene_InN
488	skene_InN
498	skene_InN
506	skene_InN
513	skene_InN
518	skene_InN
537	skene_InN
10159	skene_InN
527	skene_InN
9114	skene_InN
155066	skene_InN
523	skene_InN
526	skene_InN
528	skene_InN
529	skene_InN
64756	skene_InN
26033	skene_InN
6310	skene_InN
56970	skene_InN
549	skene_InN
60370	skene_InN
51582	skene_InN
113451	skene_InN
8707	skene_InN
8705	skene_InN
26229	skene_InN
124872	skene_InN
29086	skene_InN
80115	skene_InN
8538	skene_InN
582	skene_InN
8412	skene_InN
54828	skene_InN
586	skene_InN
594	skene_InN
10018	skene_InN
599	skene_InN
221336	skene_InN
388552	skene_InN
644	skene_InN
651	skene_InN
168667	skene_InN
664	skene_InN
388962	skene_InN
128859	skene_InN
140707	skene_InN
8927	skene_InN
53339	skene_InN
121551	skene_InN
10385	skene_InN
91894	skene_InN
83638	skene_InN
399947	skene_InN
387763	skene_InN
100141515	skene_InN
147339	skene_InN
100128569	skene_InN
127703	skene_InN
114897	skene_InN
114900	skene_InN
84281	skene_InN
401097	skene_InN
206412	skene_InN
57827	skene_InN
116328	skene_InN
414919	skene_InN
375759	skene_InN
51475	skene_InN
55799	skene_InN
783	skene_InN
785	skene_InN
10369	skene_InN
59284	skene_InN
253559	skene_InN
93664	skene_InN
796	skene_InN
57172	skene_InN
94032	skene_InN
84698	skene_InN
84433	skene_InN
859	skene_InN
147381	skene_InN
8535	skene_InN
23466	skene_InN
147372	skene_InN
64753	skene_InN
91050	skene_InN
100129792	skene_InN
339965	skene_InN
374864	skene_InN
80323	skene_InN
11007	skene_InN
317762	skene_InN
80212	skene_InN
101928991	skene_InN
885	skene_InN
6361	skene_InN
8900	skene_InN
898	skene_InN
902	skene_InN
10983	skene_InN
2826	skene_InN
126731	skene_InN
388611	skene_InN
4179	skene_InN
10225	skene_InN
148170	skene_InN
1007	skene_InN
65061	skene_InN
5127	skene_InN
6792	skene_InN
1040	skene_InN
8760	skene_InN
51286	skene_InN
1058	skene_InN
283638	skene_InN
64781	skene_InN
253782	skene_InN
1068	skene_InN
1675	skene_InN
79094	skene_InN
400916	skene_InN
1113	skene_InN
1121	skene_InN
79586	skene_InN
89832	skene_InN
1131	skene_InN
1135	skene_InN
1138	skene_InN
1139	skene_InN
1143	skene_InN
56548	skene_InN
337876	skene_InN
1149	skene_InN
148113	skene_InN
11113	skene_InN
10370	skene_InN
163732	skene_InN
1160	skene_InN
1182	skene_InN
9076	skene_InN
9074	skene_InN
23274	skene_InN
154790	skene_InN
25999	skene_InN
79745	skene_InN
116449	skene_InN
7401	skene_InN
645104	skene_InN
64084	skene_InN
9746	skene_InN
1212	skene_InN
1213	skene_InN
1262	skene_InN
149111	skene_InN
26507	skene_InN
1268	skene_InN
8506	skene_InN
26047	skene_InN
85445	skene_InN
7373	skene_InN
1310	skene_InN
84570	skene_InN
78989	skene_InN
22820	skene_InN
50813	skene_InN
84274	skene_InN
57017	skene_InN
10391	skene_InN
84940	skene_InN
1325	skene_InN
84987	skene_InN
285521	skene_InN
9377	skene_InN
1339	skene_InN
1358	skene_InN
22849	skene_InN
10815	skene_InN
10814	skene_InN
594855	skene_InN
221184	skene_InN
57699	skene_InN
80772	skene_InN
8738	skene_InN
8804	skene_InN
1392	skene_InN
1393	skene_InN
83690	skene_InN
9244	skene_InN
64109	skene_InN
55118	skene_InN
51084	skene_InN
27254	skene_InN
1504	skene_InN
440387	skene_InN
50624	skene_InN
9547	skene_InN
6372	skene_InN
1537	skene_InN
54205	skene_InN
114757	skene_InN
1583	skene_InN
1588	skene_InN
1592	skene_InN
10858	skene_InN
9265	skene_InN
1600	skene_InN
199699	skene_InN
340578	skene_InN
4921	skene_InN
64798	skene_InN
28955	skene_InN
1676	skene_InN
1608	skene_InN
201140	skene_InN
55760	skene_InN
148252	skene_InN
57540	skene_InN
1737	skene_InN
10395	skene_InN
103689915	skene_InN
220107	skene_InN
1740	skene_InN
1741	skene_InN
9229	skene_InN
9228	skene_InN
1743	skene_InN
1745	skene_InN
1746	skene_InN
1749	skene_InN
1750	skene_InN
10655	skene_InN
51277	skene_InN
3338	skene_InN
92737	skene_InN
1759	skene_InN
26052	skene_InN
139818	skene_InN
1795	skene_InN
285489	skene_InN
57628	skene_InN
1807	skene_InN
10570	skene_InN
57453	skene_InN
1830	skene_InN
11221	skene_InN
285193	skene_InN
84332	skene_InN
1780	skene_InN
140735	skene_InN
55184	skene_InN
10085	skene_InN
1917	skene_InN
221143	skene_InN
80820	skene_InN
64800	skene_InN
79180	skene_InN
23167	skene_InN
1956	skene_InN
112399	skene_InN
30845	skene_InN
84285	skene_InN
56648	skene_InN
1993	skene_InN
392617	skene_InN
22936	skene_InN
9844	skene_InN
55531	skene_InN
6785	skene_InN
51234	skene_InN
51016	skene_InN
23052	skene_InN
375704	skene_InN
2026	skene_InN
55068	skene_InN
59084	skene_InN
956	skene_InN
2036	skene_InN
255324	skene_InN
253152	skene_InN
2060	skene_InN
2059	skene_InN
54586	skene_InN
2066	skene_InN
203111	skene_InN
54206	skene_InN
2116	skene_InN
59271	skene_InN
283849	skene_InN
2135	skene_InN
2138	skene_InN
2070	skene_InN
2170	skene_InN
283985	skene_InN
23017	skene_InN
285172	skene_InN
148753	skene_InN
642968	skene_InN
165215	skene_InN
345757	skene_InN
100128071	skene_InN
163933	skene_InN
55336	skene_InN
150726	skene_InN
26268	skene_InN
2864	skene_InN
89846	skene_InN
2246	skene_InN
2256	skene_InN
2257	skene_InN
2258	skene_InN
8817	skene_InN
27006	skene_InN
2254	skene_InN
2281	skene_InN
8468	skene_InN
2322	skene_InN
154791	skene_InN
342184	skene_InN
2326	skene_InN
64122	skene_InN
79672	skene_InN
643988	skene_InN
252995	skene_InN
2290	skene_InN
80020	skene_InN
158326	skene_InN
84978	skene_InN
90167	skene_InN
22844	skene_InN
9758	skene_InN
56884	skene_InN
79068	skene_InN
53826	skene_InN
50486	skene_InN
2538	skene_InN
9568	skene_InN
2554	skene_InN
2561	skene_InN
2563	skene_InN
2567	skene_InN
2569	skene_InN
2571	skene_InN
2572	skene_InN
79623	skene_InN
374378	skene_InN
442117	skene_InN
8139	skene_InN
84253	skene_InN
2617	skene_InN
246176	skene_InN
8522	skene_InN
51573	skene_InN
2662	skene_InN
392255	skene_InN
9945	skene_InN
389400	skene_InN
87769	skene_InN
79017	skene_InN
2686	skene_InN
27069	skene_InN
79018	skene_InN
54810	skene_InN
57369	skene_InN
342035	skene_InN
2743	skene_InN
2745	skene_InN
27165	skene_InN
9630	skene_InN
2770	skene_InN
2778	skene_InN
51764	skene_InN
54331	skene_InN
2786	skene_InN
2794	skene_InN
54552	skene_InN
2805	skene_InN
2806	skene_InN
2813	skene_InN
2814	skene_InN
84803	skene_InN
23171	skene_InN
10457	skene_InN
2835	skene_InN
64582	skene_InN
134391	skene_InN
57512	skene_InN
27239	skene_InN
11245	skene_InN
2827	skene_InN
81491	skene_InN
2879	skene_InN
57822	skene_InN
2890	skene_InN
2897	skene_InN
2898	skene_InN
2902	skene_InN
2906	skene_InN
116443	skene_InN
2907	skene_InN
23426	skene_InN
2911	skene_InN
2925	skene_InN
643226	skene_InN
9446	skene_InN
2980	skene_InN
727936	skene_InN
2998	skene_InN
64412	skene_InN
22927	skene_InN
3029	skene_InN
84264	skene_InN
1404	skene_InN
404037	skene_InN
54930	skene_InN
54985	skene_InN
348980	skene_InN
3062	skene_InN
9734	skene_InN
81932	skene_InN
57520	skene_InN
113802	skene_InN
8916	skene_InN
390992	skene_InN
84667	skene_InN
57467	skene_InN
84439	skene_InN
59269	skene_InN
3112	skene_InN
3131	skene_InN
127540	skene_InN
3176	skene_InN
3188	skene_InN
9455	skene_InN
3231	skene_InN
54969	skene_InN
3249	skene_InN
10855	skene_InN
55806	skene_InN
3274	skene_InN
11255	skene_InN
9957	skene_InN
440498	skene_InN
3294	skene_InN
3299	skene_InN
126393	skene_InN
10553	skene_InN
3356	skene_InN
3358	skene_InN
3359	skene_InN
9177	skene_InN
3361	skene_InN
3363	skene_InN
5654	skene_InN
3381	skene_InN
3398	skene_InN
3419	skene_InN
3420	skene_InN
3433	skene_InN
3479	skene_InN
492311	skene_InN
152404	skene_InN
93185	skene_InN
3595	skene_InN
53342	skene_InN
7850	skene_InN
53832	skene_InN
3567	skene_InN
83943	skene_InN
3614	skene_InN
255783	skene_InN
8821	skene_InN
27124	skene_InN
9922	skene_InN
3664	skene_InN
81689	skene_InN
140862	skene_InN
80271	skene_InN
23338	skene_InN
58494	skene_InN
23254	skene_InN
3736	skene_InN
3744	skene_InN
3737	skene_InN
3738	skene_InN
3742	skene_InN
7881	skene_InN
8514	skene_InN
9196	skene_InN
3746	skene_InN
3747	skene_InN
3748	skene_InN
3749	skene_InN
93107	skene_InN
3756	skene_InN
3757	skene_InN
30820	skene_InN
30819	skene_InN
3767	skene_InN
3768	skene_InN
100134444	skene_InN
3760	skene_InN
3765	skene_InN
3775	skene_InN
3777	skene_InN
51305	skene_InN
10242	skene_InN
9132	skene_InN
56479	skene_InN
3788	skene_InN
3790	skene_InN
115207	skene_InN
57528	skene_InN
283219	skene_InN
200845	skene_InN
9764	skene_InN
56243	skene_InN
547	skene_InN
84634	skene_InN
3815	skene_InN
3831	skene_InN
11278	skene_InN
136259	skene_InN
122773	skene_InN
116138	skene_InN
55175	skene_InN
57565	skene_InN
114818	skene_InN
123103	skene_InN
340359	skene_InN
131377	skene_InN
57563	skene_InN
10219	skene_InN
125113	skene_InN
125115	skene_InN
3852	skene_InN
319101	skene_InN
8844	skene_InN
883	skene_InN
24141	skene_InN
10314	skene_InN
347404	skene_InN
55353	skene_InN
23395	skene_InN
26524	skene_InN
143903	skene_InN
3945	skene_InN
10637	skene_InN
7044	skene_InN
163747	skene_InN
3956	skene_InN
85329	skene_InN
55203	skene_InN
26468	skene_InN
91750	skene_InN
55788	skene_InN
4005	skene_InN
56203	skene_InN
84708	skene_InN
84171	skene_InN
84918	skene_InN
29967	skene_InN
10234	skene_InN
126755	skene_InN
64101	skene_InN
23507	skene_InN
9208	skene_InN
26045	skene_InN
347731	skene_InN
80059	skene_InN
90678	skene_InN
4050	skene_InN
4053	skene_InN
286343	skene_InN
7798	skene_InN
130574	skene_InN
130576	skene_InN
256586	skene_InN
145748	skene_InN
28992	skene_InN
4094	skene_InN
9935	skene_InN
4109	skene_InN
9223	skene_InN
260425	skene_InN
284358	skene_InN
57134	skene_InN
149175	skene_InN
54682	skene_InN
5602	skene_InN
5599	skene_InN
5601	skene_InN
57787	skene_InN
85509	skene_InN
153364	skene_InN
51360	skene_InN
4168	skene_InN
55784	skene_InN
4190	skene_InN
4191	skene_InN
10873	skene_InN
55090	skene_InN
4208	skene_InN
84466	skene_InN
150365	skene_InN
55897	skene_InN
29081	skene_InN
79828	skene_InN
148808	skene_InN
146664	skene_InN
11343	skene_InN
23295	skene_InN
4259	skene_InN
11043	skene_InN
8195	skene_InN
100129480	skene_InN
7681	skene_InN
283078	skene_InN
90523	skene_InN
4311	skene_InN
4326	skene_InN
4316	skene_InN
92597	skene_InN
27304	skene_InN
22879	skene_InN
26002	skene_InN
51660	skene_InN
25874	skene_InN
8777	skene_InN
758	skene_InN
79922	skene_InN
29960	skene_InN
727957	skene_InN
51116	skene_InN
64951	skene_InN
92259	skene_InN
51537	skene_InN
25902	skene_InN
25821	skene_InN
54516	skene_InN
23281	skene_InN
255275	skene_InN
4604	skene_InN
4619	skene_InN
8735	skene_InN
57644	skene_InN
4626	skene_InN
4632	skene_InN
29895	skene_InN
23026	skene_InN
140469	skene_InN
4644	skene_InN
4648	skene_InN
84665	skene_InN
339344	skene_InN
23138	skene_InN
51126	skene_InN
138151	skene_InN
259232	skene_InN
4674	skene_InN
4675	skene_InN
266812	skene_InN
8775	skene_InN
63908	skene_InN
8774	skene_InN
4677	skene_InN
339983	skene_InN
89795	skene_InN
83988	skene_InN
57552	skene_InN
8648	skene_InN
80762	skene_InN
79625	skene_InN
57446	skene_InN
65009	skene_InN
4705	skene_InN
4697	skene_InN
56901	skene_InN
51103	skene_InN
79133	skene_InN
4708	skene_InN
4720	skene_InN
4722	skene_InN
374291	skene_InN
4703	skene_InN
64168	skene_InN
54550	skene_InN
5818	skene_InN
81607	skene_InN
4744	skene_InN
140609	skene_InN
81832	skene_InN
81831	skene_InN
4758	skene_InN
140825	skene_InN
4781	skene_InN
4784	skene_InN
4793	skene_InN
4794	skene_InN
4803	skene_InN
4810	skene_InN
79815	skene_InN
57185	skene_InN
28512	skene_InN
55922	skene_InN
137814	skene_InN
4829	skene_InN
23057	skene_InN
9397	skene_InN
4837	skene_InN
9241	skene_InN
8996	skene_InN
4861	skene_InN
64067	skene_InN
255743	skene_InN
4880	skene_InN
387129	skene_InN
4852	skene_InN
4886	skene_InN
4889	skene_InN
9975	skene_InN
9971	skene_InN
7101	skene_InN
7025	skene_InN
7026	skene_InN
4306	skene_InN
10718	skene_InN
145957	skene_InN
83714	skene_InN
56675	skene_InN
140767	skene_InN
4902	skene_InN
4905	skene_InN
84618	skene_InN
51559	skene_InN
56953	skene_InN
149281	skene_InN
59277	skene_InN
4915	skene_InN
79873	skene_InN
390916	skene_InN
91775	skene_InN
30010	skene_InN
11249	skene_InN
55916	skene_InN
60506	skene_InN
79629	skene_InN
55753	skene_InN
79627	skene_InN
93145	skene_InN
5956	skene_InN
2652	skene_InN
728458	skene_InN
101060233	skene_InN
94233	skene_InN
4985	skene_InN
10133	skene_InN
26211	skene_InN
135948	skene_InN
219473	skene_InN
219453	skene_InN
114884	skene_InN
9885	skene_InN
26031	skene_InN
114882	skene_InN
5019	skene_InN
339229	skene_InN
55074	skene_InN
5021	skene_InN
5028	skene_InN
55214	skene_InN
29993	skene_InN
11252	skene_InN
53354	skene_InN
56666	skene_InN
25849	skene_InN
54039	skene_InN
54510	skene_InN
64881	skene_InN
5100	skene_InN
56147	skene_InN
56139	skene_InN
56143	skene_InN
56142	skene_InN
56140	skene_InN
56135	skene_InN
56134	skene_InN
56133	skene_InN
56132	skene_InN
56131	skene_InN
26167	skene_InN
56130	skene_InN
27445	skene_InN
64430	skene_InN
27344	skene_InN
50940	skene_InN
5141	skene_InN
8654	skene_InN
5146	skene_InN
5160	skene_InN
5162	skene_InN
5165	skene_InN
8566	skene_InN
57026	skene_InN
79955	skene_InN
5192	skene_InN
5830	skene_InN
5213	skene_InN
5223	skene_InN
441531	skene_InN
79605	skene_InN
5228	skene_InN
5230	skene_InN
5232	skene_InN
114770	skene_InN
51105	skene_InN
5256	skene_InN
162466	skene_InN
84457	skene_InN
284098	skene_InN
65018	skene_InN
8395	skene_InN
138429	skene_InN
5306	skene_InN
57605	skene_InN
83394	skene_InN
5315	skene_InN
63876	skene_InN
123745	skene_InN
113026	skene_InN
9651	skene_InN
257068	skene_InN
200150	skene_InN
55041	skene_InN
400224	skene_InN
54886	skene_InN
163404	skene_InN
83483	skene_InN
5368	skene_InN
55163	skene_InN
64208	skene_InN
340441	skene_InN
27068	skene_InN
5468	skene_InN
10891	skene_InN
133522	skene_InN
10105	skene_InN
22843	skene_InN
57460	skene_InN
333926	skene_InN
5504	skene_InN
153743	skene_InN
284352	skene_InN
79660	skene_InN
5533	skene_InN
5535	skene_InN
9701	skene_InN
11230	skene_InN
25824	skene_InN
5563	skene_InN
5575	skene_InN
5577	skene_InN
5578	skene_InN
5581	skene_InN
56341	skene_InN
90826	skene_InN
60675	skene_InN
5629	skene_InN
5634	skene_InN
401399	skene_InN
11098	skene_InN
5652	skene_InN
143471	skene_InN
5699	skene_InN
122706	skene_InN
442213	skene_InN
5732	skene_InN
5742	skene_InN
11156	skene_InN
5524	skene_InN
26095	skene_InN
26191	skene_InN
5775	skene_InN
5791	skene_InN
5797	skene_InN
5799	skene_InN
11122	skene_InN
5814	skene_InN
29942	skene_InN
5816	skene_InN
54899	skene_InN
25797	skene_InN
84109	skene_InN
55278	skene_InN
26056	skene_InN
55647	skene_InN
5874	skene_InN
116442	skene_InN
5864	skene_InN
5865	skene_InN
115827	skene_InN
25782	skene_InN
115273	skene_InN
5870	skene_InN
51560	skene_InN
642636	skene_InN
5886	skene_InN
5896	skene_InN
5897	skene_InN
5910	skene_InN
11069	skene_InN
5918	skene_InN
5924	skene_InN
91608	skene_InN
387496	skene_InN
9770	skene_InN
283349	skene_InN
83593	skene_InN
282996	skene_InN
27303	skene_InN
5950	skene_InN
10231	skene_InN
285613	skene_InN
5649	skene_InN
84957	skene_InN
9185	skene_InN
5994	skene_InN
6001	skene_InN
6002	skene_InN
6004	skene_InN
26575	skene_InN
9628	skene_InN
401190	skene_InN
85397	skene_InN
353299	skene_InN
9028	skene_InN
54509	skene_InN
23504	skene_InN
140730	skene_InN
134701	skene_InN
84934	skene_InN
55005	skene_InN
440400	skene_InN
8153	skene_InN
26994	skene_InN
79589	skene_InN
9604	skene_InN
255488	skene_InN
378925	skene_InN
114804	skene_InN
388591	skene_InN
727800	skene_InN
6092	skene_InN
6095	skene_InN
22895	skene_InN
54913	skene_InN
55197	skene_InN
113000	skene_InN
10325	skene_InN
81492	skene_InN
343637	skene_InN
10313	skene_InN
860	skene_InN
25950	skene_InN
59350	skene_InN
6256	skene_InN
23034	skene_InN
6304	skene_InN
340562	skene_InN
286205	skene_InN
192683	skene_InN
6447	skene_InN
7356	skene_InN
10590	skene_InN
6323	skene_InN
6324	skene_InN
6327	skene_InN
6329	skene_InN
9997	skene_InN
60592	skene_InN
83482	skene_InN
642658	skene_InN
56948	skene_InN
6397	skene_InN
23231	skene_InN
10512	skene_InN
9723	skene_InN
9037	skene_InN
22928	skene_InN
51091	skene_InN
387923	skene_InN
5274	skene_InN
80854	skene_InN
6424	skene_InN
81855	skene_InN
119559	skene_InN
84251	skene_InN
54557	skene_InN
83699	skene_InN
80851	skene_InN
9644	skene_InN
344558	skene_InN
388336	skene_InN
440829	skene_InN
729993	skene_InN
357	skene_InN
283514	skene_InN
23410	skene_InN
6503	skene_InN
57468	skene_InN
9990	skene_InN
6561	skene_InN
23539	skene_InN
10050	skene_InN
246213	skene_InN
116843	skene_InN
10560	skene_InN
9390	skene_InN
10864	skene_InN
9962	skene_InN
25769	skene_InN
57419	skene_InN
8402	skene_InN
79085	skene_InN
5250	skene_InN
84275	skene_InN
91137	skene_InN
292	skene_InN
3177	skene_InN
114134	skene_InN
11182	skene_InN
7781	skene_InN
7782	skene_InN
140679	skene_InN
728661	skene_InN
222553	skene_InN
341880	skene_InN
159371	skene_InN
80723	skene_InN
206358	skene_InN
120103	skene_InN
81539	skene_InN
91252	skene_InN
6519	skene_InN
204962	skene_InN
50651	skene_InN
57282	skene_InN
6508	skene_InN
9498	skene_InN
8884	skene_InN
6529	skene_InN
388662	skene_InN
6534	skene_InN
57709	skene_InN
23428	skene_InN
10479	skene_InN
84679	skene_InN
10599	skene_InN
28234	skene_InN
115072896	skene_InN
28232	skene_InN
22865	skene_InN
139065	skene_InN
113444	skene_InN
221710	skene_InN
147670	skene_InN
56950	skene_InN
114826	skene_InN
6591	skene_InN
6616	skene_InN
116841	skene_InN
9892	skene_InN
6620	skene_InN
9751	skene_InN
54212	skene_InN
8926	skene_InN
29887	skene_InN
90203	skene_InN
83891	skene_InN
169166	skene_InN
51375	skene_InN
29886	skene_InN
55084	skene_InN
9655	skene_InN
6648	skene_InN
10580	skene_InN
57537	skene_InN
6653	skene_InN
345079	skene_InN
6656	skene_InN
221833	skene_InN
100131390	skene_InN
130560	skene_InN
124783	skene_InN
65244	skene_InN
26010	skene_InN
8877	skene_InN
56907	skene_InN
6695	skene_InN
50859	skene_InN
503542	skene_InN
6710	skene_InN
165679	skene_InN
80763	skene_InN
9901	skene_InN
6723	skene_InN
140809	skene_InN
6750	skene_InN
6751	skene_InN
27090	skene_InN
30815	skene_InN
29906	skene_InN
342667	skene_InN
57559	skene_InN
27067	skene_InN
261729	skene_InN
282974	skene_InN
23012	skene_InN
9399	skene_InN
161003	skene_InN
57464	skene_InN
112755	skene_InN
6812	skene_InN
29091	skene_InN
8803	skene_InN
6783	skene_InN
25830	skene_InN
55061	skene_InN
9900	skene_InN
6853	skene_InN
6854	skene_InN
9145	skene_InN
9143	skene_InN
8867	skene_InN
132204	skene_InN
6855	skene_InN
284612	skene_InN
6857	skene_InN
57586	skene_InN
127833	skene_InN
84258	skene_InN
148281	skene_InN
90019	skene_InN
94122	skene_InN
6866	skene_InN
6875	skene_InN
128989	skene_InN
6894	skene_InN
80835	skene_InN
23329	skene_InN
54885	skene_InN
23158	skene_InN
6907	skene_InN
90665	skene_InN
8557	skene_InN
85012	skene_InN
340543	skene_InN
158931	skene_InN
256536	skene_InN
22980	skene_InN
6925	skene_InN
255394	skene_InN
202500	skene_InN
7042	skene_InN
7068	skene_InN
7069	skene_InN
7070	skene_InN
7074	skene_InN
8277	skene_InN
7089	skene_InN
7092	skene_InN
53346	skene_InN
54664	skene_InN
80757	skene_InN
114795	skene_InN
92293	skene_InN
121256	skene_InN
124842	skene_InN
441151	skene_InN
54958	skene_InN
92691	skene_InN
130733	skene_InN
84548	skene_InN
155006	skene_InN
339453	skene_InN
84866	skene_InN
123591	skene_InN
64417	skene_InN
79041	skene_InN
157378	skene_InN
54968	skene_InN
388121	skene_InN
115650	skene_InN
10673	skene_InN
79155	skene_InN
7138	skene_InN
146691	skene_InN
10452	skene_InN
84134	skene_InN
9537	skene_InN
58476	skene_InN
100507050	skene_InN
7167	skene_InN
285386	skene_InN
8717	skene_InN
66008	skene_InN
11181	skene_InN
29953	skene_InN
57761	skene_InN
22954	skene_InN
4591	skene_InN
287015	skene_InN
55223	skene_InN
79979	skene_InN
152992	skene_InN
388610	skene_InN
7223	skene_InN
7224	skene_InN
7225	skene_InN
7226	skene_InN
83707	skene_InN
57616	skene_InN
10098	skene_InN
7102	skene_InN
23270	skene_InN
146057	skene_InN
158219	skene_InN
145567	skene_InN
158135	skene_InN
79739	skene_InN
7277	skene_InN
51807	skene_InN
11334	skene_InN
1890	skene_InN
91373	skene_InN
124402	skene_InN
84959	skene_InN
51465	skene_InN
9040	skene_InN
134111	skene_InN
84993	skene_InN
22888	skene_InN
165324	skene_InN
51377	skene_InN
7371	skene_InN
127933	skene_InN
9094	skene_InN
7374	skene_InN
7379	skene_InN
139596	skene_InN
7384	skene_InN
7386	skene_InN
57646	skene_InN
10090	skene_InN
6843	skene_InN
6844	skene_InN
25806	skene_InN
7421	skene_InN
7423	skene_InN
7425	skene_InN
7432	skene_InN
7436	skene_InN
29802	skene_InN
340547	skene_InN
391123	skene_InN
7447	skene_InN
222008	skene_InN
342865	skene_InN
128434	skene_InN
4013	skene_InN
375567	skene_InN
10810	skene_InN
23558	skene_InN
22884	skene_InN
11152	skene_InN
79726	skene_InN
11197	skene_InN
65266	skene_InN
51384	skene_InN
7482	skene_InN
7474	skene_InN
81029	skene_InN
7476	skene_InN
7490	skene_InN
51741	skene_InN
7504	skene_InN
114786	skene_InN
152002	skene_InN
83719	skene_InN
219539	skene_InN
7529	skene_InN
7704	skene_InN
57659	skene_InN
283576	skene_InN
9839	skene_InN
22835	skene_InN
23217	skene_InN
9372	skene_InN
23051	skene_InN
64393	skene_InN
79698	skene_InN
55954	skene_InN
7771	skene_InN
23567	skene_InN
84911	skene_InN
25946	skene_InN
151126	skene_InN
9745	skene_InN
147949	skene_InN
91752	skene_InN
91664	skene_InN
221785	skene_InN
